Comp,Round,Day,Venue,Result,GF,GA,Opponent,xG,xGA,Poss,Referee,Sh,SoT,Dist,PK,PKatt,Team,
Premier League,Matchweek 1,Fri,Away,W,3,0,Burnley,1.9,0.3,65,Craig Pawson,17,8,13.9,0,0,ManchesterCity,
Premier League,Matchweek 2,Sat,Home,W,1,0,Newcastle Utd,1,0.3,59,Robert Jones,14,4,17.9,0,0,ManchesterCity,
Premier League,Matchweek 3,Sun,Away,W,2,1,Sheffield Utd,3.5,0.7,79,Jarred Gillett,29,9,17.3,0,1,ManchesterCity,
Premier League,Matchweek 4,Sat,Home,W,5,1,Fulham,2.2,1.4,68,Michael Oliver,6,4,14.8,1,1,ManchesterCity,
Premier League,Matchweek 5,Sat,Away,W,3,1,West Ham,3.6,0.9,68,Andy Madley,29,13,16.4,0,0,ManchesterCity,
Premier League,Matchweek 6,Sat,Home,W,2,0,Nott'ham Forest,1.3,1,57,Anthony Taylor,7,4,17.2,0,0,ManchesterCity,
Premier League,Matchweek 7,Sat,Away,L,1,2,Wolves,0.9,0.4,68,Craig Pawson,23,8,19.3,0,0,ManchesterCity,
Premier League,Matchweek 8,Sun,Away,L,0,1,Arsenal,0.5,0.4,51,Michael Oliver,4,0,14.9,0,0,ManchesterCity,
Premier League,Matchweek 9,Sat,Home,W,2,1,Brighton,0.8,0.8,55,Robert Jones,10,5,18.8,0,0,ManchesterCity,
Premier League,Matchweek 10,Sun,Away,W,3,0,Manchester Utd,4,0.9,60,Paul Tierney,20,9,17.2,1,1,ManchesterCity,
Premier League,Matchweek 11,Sat,Home,W,6,1,Bournemouth,1.9,0.9,65,Craig Pawson,21,8,16.4,0,0,ManchesterCity,
Premier League,Matchweek 12,Sun,Away,D,4,4,Chelsea,2.9,2.9,55,Anthony Taylor,14,9,16.6,1,1,ManchesterCity,
Premier League,Matchweek 13,Sat,Home,D,1,1,Liverpool,1.3,0.6,59,Chris Kavanagh,16,5,16.3,0,0,ManchesterCity,
Premier League,Matchweek 14,Sun,Home,D,3,3,Tottenham,2.6,0.5,55,Simon Hooper,17,4,13.4,0,0,ManchesterCity,
Premier League,Matchweek 15,Wed,Away,L,0,1,Aston Villa,0.6,2.3,54,John Brooks,2,2,7.4,0,0,ManchesterCity,
Premier League,Matchweek 16,Sun,Away,W,2,1,Luton Town,1.6,0.3,65,Tim Robinson,18,6,18.7,0,0,ManchesterCity,
Premier League,Matchweek 17,Sat,Home,D,2,2,Crystal Palace,1.6,1.8,74,Paul Tierney,19,9,18.2,0,0,ManchesterCity,
Premier League,Matchweek 19,Wed,Away,W,3,1,Everton,2.4,1,72,John Brooks,22,8,19.5,1,1,ManchesterCity,
Premier League,Matchweek 20,Sat,Home,W,2,0,Sheffield Utd,2.2,0.3,80,David Coote,18,4,17.4,0,0,ManchesterCity,
Premier League,Matchweek 21,Sat,Away,W,3,2,Newcastle Utd,3,1.3,72,Chris Kavanagh,27,11,19.3,0,0,ManchesterCity,
Premier League,Matchweek 22,Wed,Home,W,3,1,Burnley,1.7,1.4,74,Samuel Barrott,14,4,15.8,0,0,ManchesterCity,
Premier League,Matchweek 23,Mon,Away,W,3,1,Brentford,2.1,1,72,Jarred Gillett,25,15,19.2,0,0,ManchesterCity,
Premier League,Matchweek 24,Sat,Home,W,2,0,Everton,1.6,0.3,72,John Brooks,19,3,17.4,0,0,ManchesterCity,
Premier League,Matchweek 25,Sat,Home,D,1,1,Chelsea,2.6,1.4,70,Andy Madley,31,5,15.9,0,0,ManchesterCity,
Premier League,Matchweek 18,Tue,Home,W,1,0,Brentford,2.3,0.4,70,Darren England,25,10,17.6,0,0,ManchesterCity,
Premier League,Matchweek 26,Sat,Away,W,1,0,Bournemouth,1.6,0.9,62,Jarred Gillett,15,6,15.5,0,0,ManchesterCity,
Premier League,Matchweek 27,Sun,Home,W,3,1,Manchester Utd,3.3,0.2,73,Andy Madley,27,8,17.7,0,0,ManchesterCity,
Premier League,Matchweek 28,Sun,Away,D,1,1,Liverpool,1.6,2.7,47,Michael Oliver,10,6,18.6,0,0,ManchesterCity,
Premier League,Matchweek 30,Sun,Home,D,0,0,Arsenal,1,0.7,72,Anthony Taylor,12,1,14.2,0,0,ManchesterCity,
Premier League,Matchweek 31,Wed,Home,W,4,1,Aston Villa,3.4,0.8,67,Darren England,25,11,15.9,0,0,ManchesterCity,
Premier League,Matchweek 32,Sat,Away,W,4,2,Crystal Palace,1.9,1.1,75,Paul Tierney,18,8,16.1,0,0,ManchesterCity,
Premier League,Matchweek 33,Sat,Home,W,5,1,Luton Town,4.2,0.5,73,John Brooks,36,12,16.9,1,1,ManchesterCity,
Premier League,Matchweek 29,Thu,Away,W,4,0,Brighton,1.4,0.6,65,Jarred Gillett,14,6,17,0,0,ManchesterCity,
Premier League,Matchweek 35,Sun,Away,W,2,0,Nott'ham Forest,0.9,1.9,66,Simon Hooper,11,5,18.7,0,0,ManchesterCity,
Premier League,Matchweek 36,Sat,Home,W,5,1,Wolves,3.7,0.3,58,Craig Pawson,18,10,15.3,2,2,ManchesterCity,
Premier League,Matchweek 37,Sat,Away,W,4,0,Fulham,3.2,0.1,64,Anthony Taylor,15,8,17.6,1,1,ManchesterCity,
Premier League,Matchweek 1,Sat,Home,W,2,1,Nott'ham Forest,0.8,1.2,78,Michael Oliver,15,7,19.1,0,0,Arsenal,
Premier League,Matchweek 2,Mon,Away,W,1,0,Crystal Palace,2,1,53,David Coote,13,2,16.4,1,1,Arsenal,
Premier League,Matchweek 3,Sat,Home,D,2,2,Fulham,3.2,0.6,71,Paul Tierney,18,9,13.8,1,1,Arsenal,
Premier League,Matchweek 4,Sun,Home,W,3,1,Manchester Utd,2.3,0.9,55,Anthony Taylor,17,5,15,0,0,Arsenal,
Premier League,Matchweek 5,Sun,Away,W,1,0,Everton,1,0.3,74,Simon Hooper,13,4,17.4,0,0,Arsenal,
Premier League,Matchweek 6,Sun,Home,D,2,2,Tottenham,1.8,1.4,47,Robert Jones,12,4,16.9,1,1,Arsenal,
Premier League,Matchweek 7,Sat,Away,W,4,0,Bournemouth,3.4,0.6,57,Michael Salisbury,13,6,15.5,2,2,Arsenal,
Premier League,Matchweek 8,Sun,Home,W,1,0,Manchester City,0.4,0.5,49,Michael Oliver,12,2,19.2,0,0,Arsenal,
Premier League,Matchweek 9,Sat,Away,D,2,2,Chelsea,1,1.3,56,Chris Kavanagh,13,3,14.3,0,0,Arsenal,
Premier League,Matchweek 10,Sat,Home,W,5,0,Sheffield Utd,2.8,0,67,Tim Robinson,12,6,17,1,1,Arsenal,
Premier League,Matchweek 11,Sat,Away,L,0,1,Newcastle Utd,0.6,1,58,Stuart Attwell,14,1,20.7,0,0,Arsenal,
Premier League,Matchweek 12,Sat,Home,W,3,1,Burnley,1.8,0.3,63,Michael Oliver,16,6,13.8,0,0,Arsenal,
Premier League,Matchweek 13,Sat,Away,W,1,0,Brentford,1.6,1.1,63,Tim Robinson,15,4,15.2,0,0,Arsenal,
Premier League,Matchweek 14,Sat,Home,W,2,1,Wolves,2.8,0.7,57,Peter Bankes,19,6,15.6,0,0,Arsenal,
Premier League,Matchweek 15,Tue,Away,W,4,3,Luton Town,2.2,0.5,66,Samuel Barrott,23,9,15.5,0,0,Arsenal,
Premier League,Matchweek 16,Sat,Away,L,0,1,Aston Villa,1.4,0.6,61,Jarred Gillett,12,3,14.8,0,0,Arsenal,
Premier League,Matchweek 17,Sun,Home,W,2,0,Brighton,2.3,0.7,49,Tim Robinson,26,8,14.2,0,0,Arsenal,
Premier League,Matchweek 18,Sat,Away,D,1,1,Liverpool,0.7,1,48,Chris Kavanagh,13,2,17.2,0,0,Arsenal,
Premier League,Matchweek 19,Thu,Home,L,0,2,West Ham,2.7,1.4,73,Michael Oliver,30,8,16.8,0,0,Arsenal,
Premier League,Matchweek 20,Sun,Away,L,1,2,Fulham,1.6,1.2,60,Joshua Smith,13,3,15.4,0,0,Arsenal,
Premier League,Matchweek 21,Sat,Home,W,5,0,Crystal Palace,3.3,0.3,60,Paul Tierney,21,7,16.7,0,0,Arsenal,
Premier League,Matchweek 22,Tue,Away,W,2,1,Nott'ham Forest,1.2,0.5,73,Simon Hooper,19,3,17.6,0,0,Arsenal,
Premier League,Matchweek 23,Sun,Home,W,3,1,Liverpool,3.5,0.4,43,Anthony Taylor,15,7,14.2,0,0,Arsenal,
Premier League,Matchweek 24,Sun,Away,W,6,0,West Ham,3.6,0.2,70,Craig Pawson,24,11,16,1,1,Arsenal,
Premier League,Matchweek 25,Sat,Away,W,5,0,Burnley,2.3,0.3,64,Jarred Gillett,15,6,16.8,1,1,Arsenal,
Premier League,Matchweek 26,Sat,Home,W,4,1,Newcastle Utd,2.8,0.2,55,Paul Tierney,18,7,13.8,0,0,Arsenal,
Premier League,Matchweek 27,Mon,Away,W,6,0,Sheffield Utd,2.3,0.2,80,Samuel Barrott,22,9,15.6,0,0,Arsenal,
Premier League,Matchweek 28,Sat,Home,W,2,1,Brentford,1.3,1,71,Robert Jones,17,5,16.4,0,0,Arsenal,
Premier League,Matchweek 30,Sun,Away,D,0,0,Manchester City,0.7,1,28,Anthony Taylor,6,2,14.2,0,0,Arsenal,
Premier League,Matchweek 31,Wed,Home,W,2,0,Luton Town,0.7,0.3,58,Craig Pawson,13,4,17.8,0,0,Arsenal,
Premier League,Matchweek 32,Sat,Away,W,3,0,Brighton,3.4,0.5,46,John Brooks,19,6,12.4,1,1,Arsenal,
Premier League,Matchweek 33,Sun,Home,L,0,2,Aston Villa,1.6,0.9,52,David Coote,18,4,17.2,0,0,Arsenal,
Premier League,Matchweek 34,Sat,Away,W,2,0,Wolves,1.2,0.2,54,Paul Tierney,24,9,17.8,0,0,Arsenal,
Premier League,Matchweek 29,Tue,Home,W,5,0,Chelsea,3.3,1.6,45,Simon Hooper,27,10,16.3,0,0,Arsenal,
Premier League,Matchweek 35,Sun,Away,W,3,2,Tottenham,1,2.3,38,Michael Oliver,9,3,14.3,0,0,Arsenal,
Premier League,Matchweek 36,Sat,Home,W,3,0,Bournemouth,3.3,0.5,55,David Coote,24,8,14,1,1,Arsenal,
Premier League,Matchweek 1,Sun,Away,D,1,1,Chelsea,1.3,1.4,35,Anthony Taylor,13,1,17.8,0,0,Liverpool,
Premier League,Matchweek 2,Sat,Home,W,3,1,Bournemouth,3,1.3,64,Thomas Bramall,25,9,16.8,0,1,Liverpool,
Premier League,Matchweek 3,Sun,Away,W,2,1,Newcastle Utd,0.9,2,41,John Brooks,9,4,17.2,0,0,Liverpool,
Premier League,Matchweek 4,Sun,Home,W,3,0,Aston Villa,2.5,0.7,63,Simon Hooper,17,4,14.7,0,0,Liverpool,
Premier League,Matchweek 5,Sat,Away,W,3,1,Wolves,2.5,0.6,65,Michael Oliver,16,5,15.8,0,0,Liverpool,
Premier League,Matchweek 6,Sun,Home,W,3,1,West Ham,3,1.1,63,Chris Kavanagh,21,6,19.3,1,1,Liverpool,
Premier League,Matchweek 7,Sat,Away,L,1,2,Tottenham,1.3,2.2,36,Simon Hooper,12,4,14.9,0,0,Liverpool,
Premier League,Matchweek 8,Sun,Away,D,2,2,Brighton,2.3,2.3,54,Anthony Taylor,13,3,18.8,1,1,Liverpool,
Premier League,Matchweek 9,Sat,Home,W,2,0,Everton,2.2,0.1,77,Craig Pawson,25,5,22.4,1,1,Liverpool,
Premier League,Matchweek 10,Sun,Home,W,3,0,Nott'ham Forest,3.2,0.4,72,Chris Kavanagh,21,8,19.5,0,0,Liverpool,
Premier League,Matchweek 11,Sun,Away,D,1,1,Luton Town,2.6,0.8,73,Andy Madley,24,6,17.5,0,0,Liverpool,
Premier League,Matchweek 12,Sun,Home,W,3,0,Brentford,1.7,1.6,58,Paul Tierney,17,10,19,0,0,Liverpool,
Premier League,Matchweek 13,Sat,Away,D,1,1,Manchester City,0.6,1.3,41,Chris Kavanagh,8,3,15.9,0,0,Liverpool,
Premier League,Matchweek 14,Sun,Home,W,4,3,Fulham,2.1,1.2,61,Stuart Attwell,26,12,18.9,0,0,Liverpool,
Premier League,Matchweek 15,Wed,Away,W,2,0,Sheffield Utd,1.7,1,75,Simon Hooper,15,8,16.4,0,0,Liverpool,
Premier League,Matchweek 16,Sat,Away,W,2,1,Crystal Palace,1.2,1.7,76,Andy Madley,14,2,17.4,0,0,Liverpool,
Premier League,Matchweek 17,Sun,Home,D,0,0,Manchester Utd,2.3,0.8,68,Michael Oliver,34,8,17.7,0,0,Liverpool,
Premier League,Matchweek 18,Sat,Home,D,1,1,Arsenal,1,0.7,52,Chris Kavanagh,13,3,20.1,0,0,Liverpool,
Premier League,Matchweek 19,Tue,Away,W,2,0,Burnley,1.8,0.8,68,Paul Tierney,19,10,17.4,0,0,Liverpool,
Premier League,Matchweek 20,Mon,Home,W,4,2,Newcastle Utd,7,0.6,61,Anthony Taylor,32,12,16.2,1,2,Liverpool,
Premier League,Matchweek 21,Sun,Away,W,4,0,Bournemouth,1.5,1.4,60,Andy Madley,14,7,19.2,0,0,Liverpool,
Premier League,Matchweek 22,Wed,Home,W,4,1,Chelsea,2.9,0.6,50,Paul Tierney,27,13,19.9,0,1,Liverpool,
Premier League,Matchweek 23,Sun,Away,L,1,3,Arsenal,0.4,3.5,57,Anthony Taylor,10,1,19.7,0,0,Liverpool,
Premier League,Matchweek 24,Sat,Home,W,3,1,Burnley,2.8,1.3,70,Tim Robinson,25,10,15.4,0,0,Liverpool,
Premier League,Matchweek 25,Sat,Away,W,4,1,Brentford,2.8,1.6,62,Michael Oliver,15,8,15.9,0,0,Liverpool,
Premier League,Matchweek 26,Wed,Home,W,4,1,Luton Town,3.3,0.9,60,Andy Madley,29,13,16.9,0,0,Liverpool,
Premier League,Matchweek 27,Sat,Away,W,1,0,Nott'ham Forest,2,1,69,Paul Tierney,22,1,14.6,0,0,Liverpool,
Premier League,Matchweek 28,Sun,Home,D,1,1,Manchester City,2.7,1.6,53,Michael Oliver,18,5,19,1,1,Liverpool,
Premier League,Matchweek 30,Sun,Home,W,2,1,Brighton,2.8,0.5,55,David Coote,30,8,16.6,0,0,Liverpool,
Premier League,Matchweek 31,Thu,Home,W,3,1,Sheffield Utd,1.8,0.6,82,Stuart Attwell,29,9,18.1,0,0,Liverpool,
Premier League,Matchweek 32,Sun,Away,D,2,2,Manchester Utd,3.6,0.7,62,Anthony Taylor,27,6,17.5,1,1,Liverpool,
Premier League,Matchweek 33,Sun,Home,L,0,1,Crystal Palace,2.7,2,69,Chris Kavanagh,21,5,12.5,0,0,Liverpool,
Premier League,Matchweek 34,Sun,Away,W,3,1,Fulham,1,0.8,60,Craig Pawson,14,7,18.8,0,0,Liverpool,
Premier League,Matchweek 29,Wed,Away,L,0,2,Everton,2.1,1.2,75,Andy Madley,23,7,16.8,0,0,Liverpool,
Premier League,Matchweek 35,Sat,Away,D,2,2,West Ham,1.7,0.7,71,Anthony Taylor,28,8,16.6,0,0,Liverpool,
Premier League,Matchweek 36,Sun,Home,W,4,2,Tottenham,3.3,1.2,44,Paul Tierney,25,12,15.3,0,0,Liverpool,
Premier League,Matchweek 1,Sat,Away,L,1,5,Newcastle Utd,1.8,3.3,48,Andy Madley,16,6,14.5,0,0,AstonVilla,
Premier League,Matchweek 2,Sun,Home,W,4,0,Everton,2.9,0.6,60,Anthony Taylor,12,6,18.5,1,1,AstonVilla,
Premier League,Matchweek 3,Sun,Away,W,3,1,Burnley,2.5,0.7,43,Michael Salisbury,16,6,13.4,0,0,AstonVilla,
Premier League,Matchweek 4,Sun,Away,L,0,3,Liverpool,0.7,2.5,37,Simon Hooper,9,3,12.5,0,0,AstonVilla,
Premier League,Matchweek 5,Sat,Home,W,3,1,Crystal Palace,3,1.2,66,Darren England,15,4,16.2,1,1,AstonVilla,
Premier League,Matchweek 6,Sun,Away,W,1,0,Chelsea,1,1.3,47,Jarred Gillett,15,7,18.2,0,0,AstonVilla,
Premier League,Matchweek 7,Sat,Home,W,6,1,Brighton,1.6,1.7,39,Andy Madley,19,9,17.9,0,0,AstonVilla,
Premier League,Matchweek 8,Sun,Away,D,1,1,Wolves,1.6,1.7,53,Robert Jones,18,4,16.6,0,0,AstonVilla,
Premier League,Matchweek 9,Sun,Home,W,4,1,West Ham,1.9,1.1,58,David Coote,14,6,19.6,1,1,AstonVilla,
Premier League,Matchweek 10,Sun,Home,W,3,1,Luton Town,2.3,0.5,70,John Brooks,17,6,14.5,0,0,AstonVilla,
Premier League,Matchweek 11,Sun,Away,L,0,2,Nott'ham Forest,1.2,0.4,73,Jarred Gillett,13,3,14,0,0,AstonVilla,
Premier League,Matchweek 12,Sun,Home,W,3,1,Fulham,3,0.9,51,Simon Hooper,12,6,13.5,0,0,AstonVilla,
Premier League,Matchweek 13,Sun,Away,W,2,1,Tottenham,1.7,2.3,38,Robert Jones,15,5,16.6,0,0,AstonVilla,
Premier League,Matchweek 14,Sun,Away,D,2,2,Bournemouth,0.7,2,62,Thomas Bramall,11,3,19.2,0,0,AstonVilla,
Premier League,Matchweek 15,Wed,Home,W,1,0,Manchester City,2.3,0.6,46,John Brooks,22,7,18.9,0,0,AstonVilla,
Premier League,Matchweek 16,Sat,Home,W,1,0,Arsenal,0.6,1.4,39,Jarred Gillett,10,3,20.8,0,0,AstonVilla,
Premier League,Matchweek 17,Sun,Away,W,2,1,Brentford,1.4,0.5,66,David Coote,15,5,16.7,0,0,AstonVilla,
Premier League,Matchweek 18,Fri,Home,D,1,1,Sheffield Utd,0.9,0.6,77,Anthony Taylor,12,4,17.5,0,0,AstonVilla,
Premier League,Matchweek 19,Tue,Away,L,2,3,Manchester Utd,1.7,1.1,54,Craig Pawson,10,3,14.6,0,0,AstonVilla,
Premier League,Matchweek 20,Sat,Home,W,3,2,Burnley,3.2,1.2,64,Stuart Attwell,18,6,16.9,1,1,AstonVilla,
Premier League,Matchweek 21,Sun,Away,D,0,0,Everton,1.2,1.1,68,David Coote,16,4,14.2,0,0,AstonVilla,
Premier League,Matchweek 22,Tue,Home,L,1,3,Newcastle Utd,1.4,2.6,61,John Brooks,12,5,14.3,0,0,AstonVilla,
Premier League,Matchweek 23,Sat,Away,W,5,0,Sheffield Utd,2.2,1.4,63,Paul Tierney,14,9,15.8,0,0,AstonVilla,
Premier League,Matchweek 24,Sun,Home,L,1,2,Manchester Utd,2.4,1.8,56,Robert Jones,23,9,16.7,0,0,AstonVilla,
Premier League,Matchweek 25,Sat,Away,W,2,1,Fulham,1.5,1.5,48,Lewis Smith,12,3,16.8,0,0,AstonVilla,
Premier League,Matchweek 26,Sat,Home,W,4,2,Nott'ham Forest,3.6,2.6,58,Samuel Barrott,16,6,14.3,0,0,AstonVilla,
Premier League,Matchweek 27,Sat,Away,W,3,2,Luton Town,1.9,1.8,54,Michael Oliver,12,8,12.5,0,0,AstonVilla,
Premier League,Matchweek 28,Sun,Home,L,0,4,Tottenham,0.8,1.5,32,Chris Kavanagh,10,1,14.1,0,0,AstonVilla,
Premier League,Matchweek 29,Sun,Away,D,1,1,West Ham,0.7,2,69,Jarred Gillett,13,5,20.6,0,0,AstonVilla,
Premier League,Matchweek 30,Sat,Home,W,2,0,Wolves,1,1.5,48,Paul Tierney,11,5,14.7,0,0,AstonVilla,
Premier League,Matchweek 31,Wed,Away,L,1,4,Manchester City,0.8,3.4,33,Darren England,8,3,12.4,0,0,AstonVilla,
Premier League,Matchweek 32,Sat,Home,D,3,3,Brentford,1.5,1.5,69,Michael Salisbury,11,3,12.1,0,0,AstonVilla,
Premier League,Matchweek 33,Sun,Away,W,2,0,Arsenal,0.9,1.6,48,David Coote,11,2,18.8,0,0,AstonVilla,
Premier League,Matchweek 34,Sun,Home,W,3,1,Bournemouth,2.4,1.8,56,Tim Robinson,15,5,14.8,0,0,AstonVilla,
Premier League,Matchweek 35,Sat,Home,D,2,2,Chelsea,1.1,1.6,29,Craig Pawson,9,4,15,0,0,AstonVilla,
Premier League,Matchweek 36,Sun,Away,L,0,1,Brighton,0.1,2.5,48,Robert Jones,2,1,23.2,0,0,AstonVilla,
Premier League,Matchweek 1,Sun,Away,D,2,2,Brentford,1.3,2.2,69,Robert Jones,18,6,19.6,0,0,TottenhamHotspur,
Premier League,Matchweek 2,Sat,Home,W,2,0,Manchester Utd,1.7,2.1,55,Michael Oliver,17,6,13.8,0,0,TottenhamHotspur,
Premier League,Matchweek 3,Sat,Away,W,2,0,Bournemouth,2.1,0.7,56,Tim Robinson,17,6,16.6,0,0,TottenhamHotspur,
Premier League,Matchweek 4,Sat,Away,W,5,2,Burnley,2.2,1.3,53,Darren England,21,11,19.3,0,0,TottenhamHotspur,
Premier League,Matchweek 5,Sat,Home,W,2,1,Sheffield Utd,2.1,0.7,70,Peter Bankes,28,10,16.4,0,0,TottenhamHotspur,
Premier League,Matchweek 6,Sun,Away,D,2,2,Arsenal,1.4,1.8,53,Robert Jones,13,5,16,0,0,TottenhamHotspur,
Premier League,Matchweek 7,Sat,Home,W,2,1,Liverpool,2.2,1.3,64,Simon Hooper,24,8,19.8,0,0,TottenhamHotspur,
Premier League,Matchweek 8,Sat,Away,W,1,0,Luton Town,1.9,0.8,66,John Brooks,15,4,16.9,0,0,TottenhamHotspur,
Premier League,Matchweek 9,Mon,Home,W,2,0,Fulham,1.5,1,55,Anthony Taylor,15,5,17.2,0,0,TottenhamHotspur,
Premier League,Matchweek 10,Fri,Away,W,2,1,Crystal Palace,1.1,0.6,75,Andy Madley,10,1,19.5,0,0,TottenhamHotspur,
Premier League,Matchweek 11,Mon,Home,L,1,4,Chelsea,0.9,4.1,40,Michael Oliver,8,5,23.5,0,0,TottenhamHotspur,
Premier League,Matchweek 12,Sat,Away,L,1,2,Wolves,0.7,2.1,58,Tim Robinson,6,2,17.5,0,0,TottenhamHotspur,
Premier League,Matchweek 13,Sun,Home,L,1,2,Aston Villa,2.3,1.7,62,Robert Jones,18,7,14,0,0,TottenhamHotspur,
Premier League,Matchweek 14,Sun,Away,D,3,3,Manchester City,0.5,2.6,45,Simon Hooper,8,4,20.7,0,0,TottenhamHotspur,
Premier League,Matchweek 15,Thu,Home,L,1,2,West Ham,1.8,2.2,74,Michael Salisbury,23,6,17.1,0,0,TottenhamHotspur,
Premier League,Matchweek 16,Sun,Home,W,4,1,Newcastle Utd,3.8,1.7,56,Chris Kavanagh,22,10,15.5,1,1,TottenhamHotspur,
Premier League,Matchweek 17,Fri,Away,W,2,0,Nott'ham Forest,1.5,1.3,66,Jarred Gillett,12,6,12.5,0,0,TottenhamHotspur,
Premier League,Matchweek 18,Sat,Home,W,2,1,Everton,1.5,1.8,61,Stuart Attwell,13,6,15.1,0,0,TottenhamHotspur,
Premier League,Matchweek 19,Thu,Away,L,2,4,Brighton,2.3,3.2,55,Jarred Gillett,19,3,15.2,0,0,TottenhamHotspur,
Premier League,Matchweek 20,Sun,Home,W,3,1,Bournemouth,2.3,1.7,50,Simon Hooper,12,6,14.7,0,0,TottenhamHotspur,
Premier League,Matchweek 21,Sun,Away,D,2,2,Manchester Utd,1.2,0.8,63,John Brooks,16,5,14.4,0,0,TottenhamHotspur,
Premier League,Matchweek 22,Wed,Home,W,3,2,Brentford,2.9,1.6,67,David Coote,19,5,14.3,0,0,TottenhamHotspur,
Premier League,Matchweek 23,Sat,Away,D,2,2,Everton,1,2.6,57,Michael Oliver,9,6,17.8,0,0,TottenhamHotspur,
Premier League,Matchweek 24,Sat,Home,W,2,1,Brighton,1.6,1.2,52,Samuel Barrott,16,6,17.1,0,0,TottenhamHotspur,
Premier League,Matchweek 25,Sat,Home,L,1,2,Wolves,1.6,1.8,71,Anthony Taylor,15,4,14.3,0,0,TottenhamHotspur,
Premier League,Matchweek 27,Sat,Home,W,3,1,Crystal Palace,1.9,0.3,78,John Brooks,14,6,13.5,0,0,TottenhamHotspur,
Premier League,Matchweek 28,Sun,Away,W,4,0,Aston Villa,1.5,0.8,68,Chris Kavanagh,9,5,14.9,0,0,TottenhamHotspur,
Premier League,Matchweek 29,Sat,Away,L,0,3,Fulham,2.4,2.6,57,Robert Jones,14,5,14,0,0,TottenhamHotspur,
Premier League,Matchweek 30,Sat,Home,W,2,1,Luton Town,2.9,0.5,70,Jarred Gillett,17,2,14.5,0,0,TottenhamHotspur,
Premier League,Matchweek 31,Tue,Away,D,1,1,West Ham,1,1.5,67,John Brooks,13,4,17.4,0,0,TottenhamHotspur,
Premier League,Matchweek 32,Sun,Home,W,3,1,Nott'ham Forest,1.5,1.5,63,Simon Hooper,17,7,20.2,0,0,TottenhamHotspur,
Premier League,Matchweek 33,Sat,Away,L,0,4,Newcastle Utd,0.8,2.8,72,Tim Robinson,11,2,19,0,0,TottenhamHotspur,
Premier League,Matchweek 35,Sun,Home,L,2,3,Arsenal,2.3,1,62,Michael Oliver,14,1,16.8,1,1,TottenhamHotspur,
Premier League,Matchweek 26,Thu,Away,L,0,2,Chelsea,1.6,2.2,63,Robert Jones,19,3,16.9,0,0,TottenhamHotspur,
Premier League,Matchweek 36,Sun,Away,L,2,4,Liverpool,1.2,3.3,56,Paul Tierney,11,6,21.6,0,0,TottenhamHotspur,
Premier League,Matchweek 37,Sat,Home,W,2,1,Burnley,2.5,0.7,63,Jarred Gillett,21,9,16,0,0,TottenhamHotspur,
Premier League,Matchweek 1,Sat,Home,W,5,1,Aston Villa,3.3,1.8,52,Andy Madley,17,12,13.2,0,0,NewcastleUnited,
Premier League,Matchweek 2,Sat,Away,L,0,1,Manchester City,0.3,1,41,Robert Jones,7,1,20.3,0,0,NewcastleUnited,
Premier League,Matchweek 3,Sun,Home,L,1,2,Liverpool,2,0.9,59,John Brooks,23,8,18.3,0,0,NewcastleUnited,
Premier League,Matchweek 4,Sat,Away,L,1,3,Brighton,1.2,1.3,44,Stuart Attwell,9,2,14.6,0,0,NewcastleUnited,
Premier League,Matchweek 5,Sat,Home,W,1,0,Brentford,1.4,0.5,56,Craig Pawson,8,1,20.2,1,1,NewcastleUnited,
Premier League,Matchweek 6,Sun,Away,W,8,0,Sheffield Utd,3.9,0.9,58,Stuart Attwell,22,15,14.2,0,0,NewcastleUnited,
Premier League,Matchweek 7,Sat,Home,W,2,0,Burnley,3.1,0.6,53,Thomas Bramall,19,6,15.8,1,1,NewcastleUnited,
Premier League,Matchweek 8,Sun,Away,D,2,2,West Ham,2,1.2,64,Peter Bankes,10,3,12.1,0,0,NewcastleUnited,
Premier League,Matchweek 9,Sat,Home,W,4,0,Crystal Palace,2.4,1.2,59,Tim Robinson,10,7,10.2,0,0,NewcastleUnited,
Premier League,Matchweek 10,Sat,Away,D,2,2,Wolves,2.2,0.9,57,Anthony Taylor,12,3,14.2,1,1,NewcastleUnited,
Premier League,Matchweek 11,Sat,Home,W,1,0,Arsenal,1,0.6,42,Stuart Attwell,9,1,18.6,0,0,NewcastleUnited,
Premier League,Matchweek 12,Sat,Away,L,0,2,Bournemouth,0.5,2.4,52,Chris Kavanagh,8,5,19.5,0,0,NewcastleUnited,
Premier League,Matchweek 13,Sat,Home,W,4,1,Chelsea,2.4,0.5,54,Simon Hooper,14,5,17,0,0,NewcastleUnited,
Premier League,Matchweek 14,Sat,Home,W,1,0,Manchester Utd,2.4,0.5,58,Robert Jones,22,4,16.4,0,0,NewcastleUnited,
Premier League,Matchweek 15,Thu,Away,L,0,3,Everton,1.5,3.3,62,Tim Robinson,13,3,19.3,0,0,NewcastleUnited,
Premier League,Matchweek 16,Sun,Away,L,1,4,Tottenham,1.7,3.8,44,Chris Kavanagh,9,3,14.4,0,0,NewcastleUnited,
Premier League,Matchweek 17,Sat,Home,W,3,0,Fulham,3.5,0.3,70,Samuel Barrott,27,10,14.4,0,0,NewcastleUnited,
Premier League,Matchweek 18,Sat,Away,L,0,1,Luton Town,1.4,1.4,65,Darren England,15,2,12.2,0,0,NewcastleUnited,
Premier League,Matchweek 19,Tue,Home,L,1,3,Nott'ham Forest,2.4,3.5,62,Chris Kavanagh,18,5,15.1,1,1,NewcastleUnited,
Premier League,Matchweek 20,Mon,Away,L,2,4,Liverpool,0.6,7,39,Anthony Taylor,5,3,16.1,0,0,NewcastleUnited,
Premier League,Matchweek 21,Sat,Home,L,2,3,Manchester City,1.3,3,28,Chris Kavanagh,12,5,14.7,0,0,NewcastleUnited,
Premier League,Matchweek 22,Tue,Away,W,3,1,Aston Villa,2.6,1.4,39,John Brooks,14,5,11.9,0,0,NewcastleUnited,
Premier League,Matchweek 23,Sat,Home,D,4,4,Luton Town,2.3,2.4,55,Thomas Bramall,19,6,16.3,0,0,NewcastleUnited,
Premier League,Matchweek 24,Sat,Away,W,3,2,Nott'ham Forest,0.5,1.5,61,Anthony Taylor,7,5,19.2,0,0,NewcastleUnited,
Premier League,Matchweek 25,Sat,Home,D,2,2,Bournemouth,2.2,2.2,62,Michael Salisbury,16,4,19.4,1,1,NewcastleUnited,
Premier League,Matchweek 26,Sat,Away,L,1,4,Arsenal,0.2,2.8,45,Paul Tierney,3,2,14.5,0,0,NewcastleUnited,
Premier League,Matchweek 27,Sat,Home,W,3,0,Wolves,2.1,0.8,44,Tim Robinson,14,6,16.3,0,0,NewcastleUnited,
Premier League,Matchweek 28,Mon,Away,L,2,3,Chelsea,0.7,1.6,56,John Brooks,11,3,16,0,0,NewcastleUnited,
Premier League,Matchweek 30,Sat,Home,W,4,3,West Ham,4.1,1.4,60,Robert Jones,22,7,17.6,2,2,NewcastleUnited,
Premier League,Matchweek 31,Tue,Home,D,1,1,Everton,2.4,1.4,57,Tony Harrington,18,5,15.7,0,0,NewcastleUnited,
Premier League,Matchweek 32,Sat,Away,W,1,0,Fulham,1,1.2,34,Samuel Allison,12,5,16.8,0,0,NewcastleUnited,
Premier League,Matchweek 33,Sat,Home,W,4,0,Tottenham,2.8,0.8,28,Tim Robinson,18,5,11.1,0,0,NewcastleUnited,
Premier League,Matchweek 29,Wed,Away,L,0,2,Crystal Palace,0.4,0.9,53,Thomas Bramall,7,2,14.2,0,0,NewcastleUnited,
Premier League,Matchweek 35,Sat,Home,W,5,1,Sheffield Utd,3.1,1.5,60,Tony Harrington,19,6,16,1,1,NewcastleUnited,
Premier League,Matchweek 36,Sat,Away,W,4,1,Burnley,3.4,1,53,Anthony Taylor,22,10,17.6,0,1,NewcastleUnited,
Premier League,Matchweek 37,Sat,Home,D,1,1,Brighton,2.2,1.4,56,Darren England,18,7,15.8,0,0,NewcastleUnited,
Premier League,Matchweek 1,Sun,Home,D,1,1,Liverpool,1.4,1.3,65,Anthony Taylor,10,4,13.2,0,0,Chelsea,
Premier League,Matchweek 2,Sun,Away,L,1,3,West Ham,2.5,1.8,75,John Brooks,16,3,17.1,0,1,Chelsea,
Premier League,Matchweek 3,Fri,Home,W,3,0,Luton Town,2.2,0.4,67,Robert Jones,19,8,14.2,0,0,Chelsea,
Premier League,Matchweek 4,Sat,Home,L,0,1,Nott'ham Forest,2.3,0.8,75,Tim Robinson,21,2,17.7,0,0,Chelsea,
Premier League,Matchweek 5,Sun,Away,D,0,0,Bournemouth,1.8,1,64,David Coote,14,6,15,0,0,Chelsea,
Premier League,Matchweek 6,Sun,Home,L,0,1,Aston Villa,1.3,1,53,Jarred Gillett,10,4,17.8,0,0,Chelsea,
Premier League,Matchweek 7,Mon,Away,W,2,0,Fulham,1.7,1.1,44,Tim Robinson,11,4,19.8,0,0,Chelsea,
Premier League,Matchweek 8,Sat,Away,W,4,1,Burnley,1.9,0.7,62,Stuart Attwell,8,4,18.1,1,1,Chelsea,
Premier League,Matchweek 9,Sat,Home,D,2,2,Arsenal,1.3,1,44,Chris Kavanagh,10,4,20.4,1,1,Chelsea,
Premier League,Matchweek 10,Sat,Home,L,0,2,Brentford,1.9,2.2,68,Simon Hooper,17,2,16.1,0,0,Chelsea,
Premier League,Matchweek 11,Mon,Away,W,4,1,Tottenham,4.1,0.9,60,Michael Oliver,16,6,16.8,1,1,Chelsea,
Premier League,Matchweek 12,Sun,Home,D,4,4,Manchester City,2.9,2.9,45,Anthony Taylor,16,8,19.1,1,1,Chelsea,
Premier League,Matchweek 13,Sat,Away,L,1,4,Newcastle Utd,0.5,2.4,46,Simon Hooper,7,4,18.4,0,0,Chelsea,
Premier League,Matchweek 14,Sun,Home,W,3,2,Brighton,2.1,1.1,32,Craig Pawson,7,3,19.6,1,1,Chelsea,
Premier League,Matchweek 15,Wed,Away,L,1,2,Manchester Utd,1.5,4.1,55,Chris Kavanagh,13,3,15,0,0,Chelsea,
Premier League,Matchweek 16,Sun,Away,L,0,2,Everton,0.9,1.2,71,Michael Oliver,16,4,18.5,0,0,Chelsea,
Premier League,Matchweek 17,Sat,Home,W,2,0,Sheffield Utd,3.1,0.4,78,Andy Madley,15,6,17.2,0,0,Chelsea,
Premier League,Matchweek 18,Sun,Away,L,1,2,Wolves,2,1.3,68,David Coote,16,4,17.4,0,0,Chelsea,
Premier League,Matchweek 19,Wed,Home,W,2,1,Crystal Palace,2.6,1.1,63,Michael Salisbury,8,2,15.3,1,1,Chelsea,
Premier League,Matchweek 20,Sat,Away,W,3,2,Luton Town,1.5,2.3,48,Paul Tierney,12,8,17.5,0,0,Chelsea,
Premier League,Matchweek 21,Sat,Home,W,1,0,Fulham,2.2,0.8,55,Anthony Taylor,16,2,17.5,1,1,Chelsea,
Premier League,Matchweek 22,Wed,Away,L,1,4,Liverpool,0.6,2.9,50,Paul Tierney,4,3,18.8,0,0,Chelsea,
Premier League,Matchweek 23,Sun,Home,L,2,4,Wolves,1.7,2,64,Tim Robinson,15,4,14.5,0,0,Chelsea,
Premier League,Matchweek 24,Mon,Away,W,3,1,Crystal Palace,1.4,0.6,77,Michael Oliver,14,5,15.3,0,0,Chelsea,
Premier League,Matchweek 25,Sat,Away,D,1,1,Manchester City,1.4,2.6,30,Andy Madley,9,6,12.8,0,0,Chelsea,
Premier League,Matchweek 27,Sat,Away,D,2,2,Brentford,1.8,1.8,67,Jarred Gillett,17,5,19.5,0,0,Chelsea,
Premier League,Matchweek 28,Mon,Home,W,3,2,Newcastle Utd,1.6,0.7,44,John Brooks,12,7,19.7,0,0,Chelsea,
Premier League,Matchweek 30,Sat,Home,D,2,2,Burnley,4.2,1.6,69,Darren England,32,12,17.8,1,1,Chelsea,
Premier League,Matchweek 31,Thu,Home,W,4,3,Manchester Utd,3,1.5,57,Jarred Gillett,26,8,19,2,2,Chelsea,
Premier League,Matchweek 32,Sun,Away,D,2,2,Sheffield Utd,0.3,1.4,68,Robert Jones,6,3,18.5,0,0,Chelsea,
Premier League,Matchweek 33,Mon,Home,W,6,0,Everton,3.1,1.5,58,Paul Tierney,13,9,18.6,1,1,Chelsea,
Premier League,Matchweek 29,Tue,Away,L,0,5,Arsenal,1.6,3.3,55,Simon Hooper,7,1,13,0,0,Chelsea,
Premier League,Matchweek 35,Sat,Away,D,2,2,Aston Villa,1.6,1.1,71,Craig Pawson,21,5,21.7,0,0,Chelsea,
Premier League,Matchweek 26,Thu,Home,W,2,0,Tottenham,2.2,1.6,37,Robert Jones,16,4,16.1,0,0,Chelsea,
Premier League,Matchweek 36,Sun,Home,W,5,0,West Ham,4.1,0.9,69,Andy Madley,25,14,15.7,0,0,Chelsea,
Premier League,Matchweek 37,Sat,Away,W,3,2,Nott'ham Forest,1.8,1.6,67,Tony Harrington,12,5,11.8,0,0,Chelsea,
Premier League,Matchweek 1,Mon,Home,W,1,0,Wolves,2.2,2.2,51,Simon Hooper,15,2,14.7,0,0,ManchesterUnited,30
Premier League,Matchweek 2,Sat,Away,L,0,2,Tottenham,2.1,1.7,45,Michael Oliver,22,6,15.6,0,0,ManchesterUnited,
Premier League,Matchweek 3,Sat,Home,W,3,2,Nott'ham Forest,2.8,1.2,66,Stuart Attwell,17,8,20.3,1,1,ManchesterUnited,
Premier League,Matchweek 4,Sun,Away,L,1,3,Arsenal,0.9,2.3,45,Anthony Taylor,10,2,16.5,0,0,ManchesterUnited,
Premier League,Matchweek 5,Sat,Home,L,1,3,Brighton,1,1.7,44,Jarred Gillett,14,4,18.6,0,0,ManchesterUnited,
Premier League,Matchweek 6,Sat,Away,W,1,0,Burnley,1,1.1,39,Tony Harrington,11,4,15,0,0,ManchesterUnited,
Premier League,Matchweek 7,Sat,Home,L,0,1,Crystal Palace,1.3,0.9,77,Chris Kavanagh,19,3,15.5,0,0,ManchesterUnited,
Premier League,Matchweek 8,Sat,Home,W,2,1,Brentford,1.4,0.9,64,Andy Madley,21,8,18.3,0,0,ManchesterUnited,
Premier League,Matchweek 9,Sat,Away,W,2,1,Sheffield Utd,1.1,1.4,62,Michael Oliver,14,5,20.6,0,0,ManchesterUnited,
Premier League,Matchweek 10,Sun,Home,L,0,3,Manchester City,0.9,4,40,Paul Tierney,7,3,15.2,0,0,ManchesterUnited,
Premier League,Matchweek 11,Sat,Away,W,1,0,Fulham,0.7,1,55,John Brooks,12,5,18.3,0,0,ManchesterUnited,
Premier League,Matchweek 12,Sat,Home,W,1,0,Luton Town,2.2,0.4,64,Graham Scott,15,4,14,0,0,ManchesterUnited,
Premier League,Matchweek 13,Sun,Away,W,3,0,Everton,2.2,2.4,49,John Brooks,8,3,17.4,1,1,ManchesterUnited,
Premier League,Matchweek 14,Sat,Away,L,0,1,Newcastle Utd,0.5,2.4,42,Robert Jones,8,1,18.2,0,0,ManchesterUnited,
Premier League,Matchweek 15,Wed,Home,W,2,1,Chelsea,4.1,1.5,45,Chris Kavanagh,27,8,15.4,0,1,ManchesterUnited,
Premier League,Matchweek 16,Sat,Home,L,0,3,Bournemouth,1.1,1.5,68,Peter Bankes,20,3,15.4,0,0,ManchesterUnited,
Premier League,Matchweek 17,Sun,Away,D,0,0,Liverpool,0.8,2.3,32,Michael Oliver,6,1,16.3,0,0,ManchesterUnited,
Premier League,Matchweek 18,Sat,Away,L,0,2,West Ham,1,1.2,65,Simon Hooper,11,3,18.1,0,0,ManchesterUnited,
Premier League,Matchweek 19,Tue,Home,W,3,2,Aston Villa,1.1,1.7,46,Craig Pawson,13,7,18,0,0,ManchesterUnited,
Premier League,Matchweek 20,Sat,Away,L,1,2,Nott'ham Forest,0.8,0.7,56,Tim Robinson,10,5,17.5,0,0,ManchesterUnited,
Premier League,Matchweek 21,Sun,Home,D,2,2,Tottenham,0.8,1.2,37,John Brooks,9,2,14.5,0,0,ManchesterUnited,
Premier League,Matchweek 22,Thu,Away,W,4,3,Wolves,3.3,2.1,47,Jarred Gillett,21,8,18.2,0,0,ManchesterUnited,
Premier League,Matchweek 23,Sun,Home,W,3,0,West Ham,0.7,1.4,51,Andy Madley,12,5,20.4,0,0,ManchesterUnited,
Premier League,Matchweek 24,Sun,Away,W,2,1,Aston Villa,1.8,2.4,44,Robert Jones,17,5,14.6,0,0,ManchesterUnited,
Premier League,Matchweek 25,Sun,Away,W,2,1,Luton Town,2.9,1.8,42,David Coote,21,8,19.8,0,0,ManchesterUnited,
Premier League,Matchweek 26,Sat,Home,L,1,2,Fulham,1.7,1.2,57,Michael Oliver,21,8,17.3,0,0,ManchesterUnited,
Premier League,Matchweek 27,Sun,Away,L,1,3,Manchester City,0.2,3.3,27,Andy Madley,3,1,16.7,0,0,ManchesterUnited,
Premier League,Matchweek 28,Sat,Home,W,2,0,Everton,2.7,1.6,51,Simon Hooper,13,6,17.6,2,2,ManchesterUnited,
Premier League,Matchweek 30,Sat,Away,D,1,1,Brentford,0.6,3.2,53,Simon Hooper,11,5,22.5,0,0,ManchesterUnited,
Premier League,Matchweek 31,Thu,Away,L,3,4,Chelsea,1.5,3,43,Jarred Gillett,19,5,16.8,0,0,ManchesterUnited,
Premier League,Matchweek 32,Sun,Home,D,2,2,Liverpool,0.7,3.6,38,Anthony Taylor,9,5,18.1,0,0,ManchesterUnited,
Premier League,Matchweek 33,Sat,Away,D,2,2,Bournemouth,1.2,1.6,57,Tony Harrington,7,1,20.6,1,1,ManchesterUnited,
Premier League,Matchweek 29,Wed,Home,W,4,2,Sheffield Utd,2.9,0.8,71,Michael Salisbury,24,12,16.9,1,1,ManchesterUnited,
Premier League,Matchweek 35,Sat,Home,D,1,1,Burnley,2.7,2.1,48,John Brooks,27,10,18,0,0,ManchesterUnited,
Premier League,Matchweek 36,Mon,Away,L,0,4,Crystal Palace,0.4,1.7,57,Jarred Gillett,7,2,16.7,0,0,ManchesterUnited,
Premier League,Matchweek 1,Sat,Away,D,1,1,Bournemouth,1.1,1.3,38,Peter Bankes,16,2,16.1,0,0,WestHamUnited,
Premier League,Matchweek 2,Sun,Home,W,3,1,Chelsea,1.8,2.5,25,John Brooks,11,5,19.6,1,1,WestHamUnited,
Premier League,Matchweek 3,Sat,Away,W,3,1,Brighton,3,1.5,22,Anthony Taylor,12,7,12.3,0,0,WestHamUnited,
Premier League,Matchweek 4,Fri,Away,W,2,1,Luton Town,1,1.4,61,Paul Tierney,9,3,16.3,0,0,WestHamUnited,
Premier League,Matchweek 5,Sat,Home,L,1,3,Manchester City,0.9,3.6,32,Andy Madley,6,3,12.1,0,0,WestHamUnited,
Premier League,Matchweek 6,Sun,Away,L,1,3,Liverpool,1.1,3,37,Chris Kavanagh,11,4,13.5,0,0,WestHamUnited,
Premier League,Matchweek 7,Sat,Home,W,2,0,Sheffield Utd,2.1,1.1,52,Graham Scott,20,8,12.6,0,0,WestHamUnited,
Premier League,Matchweek 8,Sun,Home,D,2,2,Newcastle Utd,1.2,2,36,Peter Bankes,5,3,14.9,0,0,WestHamUnited,
Premier League,Matchweek 9,Sun,Away,L,1,4,Aston Villa,1.1,1.9,42,David Coote,14,4,15.2,0,0,WestHamUnited,
Premier League,Matchweek 10,Sun,Home,L,0,1,Everton,0.7,0.8,64,Stuart Attwell,12,2,17.3,0,0,WestHamUnited,
Premier League,Matchweek 11,Sat,Away,L,2,3,Brentford,1.8,1.5,42,Thomas Bramall,12,2,15.3,0,0,WestHamUnited,
Premier League,Matchweek 12,Sun,Home,W,3,2,Nott'ham Forest,1.8,1.7,54,Michael Salisbury,16,6,18,0,0,WestHamUnited,
Premier League,Matchweek 13,Sat,Away,W,2,1,Burnley,0.9,1.3,50,Samuel Barrott,11,3,13.2,0,0,WestHamUnited,
Premier League,Matchweek 14,Sun,Home,D,1,1,Crystal Palace,1.1,0.9,55,Michael Oliver,9,3,15.7,0,0,WestHamUnited,
Premier League,Matchweek 15,Thu,Away,W,2,1,Tottenham,2.2,1.8,26,Michael Salisbury,11,5,15,0,0,WestHamUnited,
Premier League,Matchweek 16,Sun,Away,L,0,5,Fulham,1.3,2.3,37,Paul Tierney,9,5,19.2,0,0,WestHamUnited,
Premier League,Matchweek 17,Sun,Home,W,3,0,Wolves,1.1,0.7,45,Chris Kavanagh,13,4,19.8,0,0,WestHamUnited,
Premier League,Matchweek 18,Sat,Home,W,2,0,Manchester Utd,1.2,1,35,Simon Hooper,12,5,13.8,0,0,WestHamUnited,
Premier League,Matchweek 19,Thu,Away,W,2,0,Arsenal,1.4,2.7,27,Michael Oliver,5,2,17.4,0,1,WestHamUnited,
Premier League,Matchweek 20,Tue,Home,D,0,0,Brighton,0.7,2.3,32,Samuel Barrott,6,2,16,0,0,WestHamUnited,
Premier League,Matchweek 21,Sun,Away,D,2,2,Sheffield Utd,2.3,2.5,43,Michael Salisbury,15,4,14.9,1,1,WestHamUnited,
Premier League,Matchweek 22,Thu,Home,D,1,1,Bournemouth,1.4,1.2,48,Tim Robinson,8,2,17.1,1,1,WestHamUnited,
Premier League,Matchweek 23,Sun,Away,L,0,3,Manchester Utd,1.4,0.7,49,Andy Madley,22,3,18.9,0,0,WestHamUnited,
Premier League,Matchweek 24,Sun,Home,L,0,6,Arsenal,0.2,3.6,30,Craig Pawson,5,1,19.9,0,0,WestHamUnited,
Premier League,Matchweek 25,Sat,Away,L,0,2,Nott'ham Forest,0.5,2.8,51,Thomas Bramall,10,3,18.9,0,0,WestHamUnited,
Premier League,Matchweek 26,Mon,Home,W,4,2,Brentford,1.7,0.9,41,Simon Hooper,17,6,17.7,0,0,WestHamUnited,
Premier League,Matchweek 27,Sat,Away,W,3,1,Everton,1.9,2.7,45,Craig Pawson,12,5,14.2,0,0,WestHamUnited,
Premier League,Matchweek 28,Sun,Home,D,2,2,Burnley,2.1,0.7,52,Darren England,22,4,14.8,0,0,WestHamUnited,
Premier League,Matchweek 29,Sun,Home,D,1,1,Aston Villa,2,0.7,31,Jarred Gillett,13,4,15.9,0,0,WestHamUnited,
Premier League,Matchweek 30,Sat,Away,L,3,4,Newcastle Utd,1.4,4.1,40,Robert Jones,10,4,14.1,0,0,WestHamUnited,
Premier League,Matchweek 31,Tue,Home,D,1,1,Tottenham,1.5,1,33,John Brooks,11,4,16.6,0,0,WestHamUnited,
Premier League,Matchweek 32,Sat,Away,W,2,1,Wolves,1.2,1.5,42,Tony Harrington,10,3,24.6,1,1,WestHamUnited,
Premier League,Matchweek 33,Sun,Home,L,0,2,Fulham,0.9,3.2,58,Stuart Attwell,15,4,16.2,0,0,WestHamUnited,
Premier League,Matchweek 34,Sun,Away,L,2,5,Crystal Palace,1.3,2.4,40,Graham Scott,4,1,10.8,0,0,WestHamUnited,
Premier League,Matchweek 35,Sat,Home,D,2,2,Liverpool,0.7,1.7,29,Anthony Taylor,11,8,17,0,0,WestHamUnited,
Premier League,Matchweek 36,Sun,Away,L,0,5,Chelsea,0.9,4.1,31,Andy Madley,13,2,17.6,0,0,WestHamUnited,
Premier League,Matchweek 37,Sat,Home,W,3,1,Luton Town,3.3,0.4,58,Michael Oliver,24,8,16.5,0,0,WestHamUnited,
Premier League,Matchweek 1,Sat,Home,W,4,1,Luton Town,4,1.5,70,David Coote,26,11,17,1,1,BrightonandHoveAlbion,
Premier League,Matchweek 2,Sat,Away,W,4,1,Wolves,2.2,2.1,53,Andy Madley,16,8,15.6,0,0,BrightonandHoveAlbion,
Premier League,Matchweek 3,Sat,Home,L,1,3,West Ham,1.5,3,78,Anthony Taylor,25,10,19.5,0,0,BrightonandHoveAlbion,
Premier League,Matchweek 4,Sat,Home,W,3,1,Newcastle Utd,1.3,1.2,56,Stuart Attwell,15,6,17.3,0,0,BrightonandHoveAlbion,
Premier League,Matchweek 5,Sat,Away,W,3,1,Manchester Utd,1.7,1,56,Jarred Gillett,10,8,17.1,0,0,BrightonandHoveAlbion,
Premier League,Matchweek 6,Sun,Home,W,3,1,Bournemouth,1.9,1.1,61,John Brooks,13,4,17.1,0,0,BrightonandHoveAlbion,
Premier League,Matchweek 7,Sat,Away,L,1,6,Aston Villa,1.7,1.6,61,Andy Madley,11,3,15.4,0,0,BrightonandHoveAlbion,
Premier League,Matchweek 8,Sun,Home,D,2,2,Liverpool,2.3,2.3,46,Anthony Taylor,14,3,17,0,0,BrightonandHoveAlbion,
Premier League,Matchweek 9,Sat,Away,L,1,2,Manchester City,0.8,0.8,45,Robert Jones,5,3,12.1,0,0,BrightonandHoveAlbion,
Premier League,Matchweek 10,Sun,Home,D,1,1,Fulham,1.4,0.7,71,Michael Salisbury,18,6,18.1,0,0,BrightonandHoveAlbion,
Premier League,Matchweek 11,Sat,Away,D,1,1,Everton,0.5,0.7,79,Tim Robinson,7,2,15.6,0,0,BrightonandHoveAlbion,
Premier League,Matchweek 12,Sun,Home,D,1,1,Sheffield Utd,1.5,1.1,61,John Brooks,11,6,16.5,0,0,BrightonandHoveAlbion,
Premier League,Matchweek 13,Sat,Away,W,3,2,Nott'ham Forest,1.3,1.9,53,Anthony Taylor,9,4,19.9,1,1,BrightonandHoveAlbion,
Premier League,Matchweek 14,Sun,Away,L,2,3,Chelsea,1.1,2.1,68,Craig Pawson,18,9,18.6,0,0,BrightonandHoveAlbion,
Premier League,Matchweek 15,Wed,Home,W,2,1,Brentford,1.5,1.5,61,Peter Bankes,18,7,16.1,0,0,BrightonandHoveAlbion,
Premier League,Matchweek 16,Sat,Home,D,1,1,Burnley,2.6,0.6,72,Simon Hooper,29,11,14.2,0,0,BrightonandHoveAlbion,
Premier League,Matchweek 17,Sun,Away,L,0,2,Arsenal,0.7,2.3,51,Tim Robinson,6,1,16.9,0,0,BrightonandHoveAlbion,
Premier League,Matchweek 18,Thu,Away,D,1,1,Crystal Palace,1.2,1.3,65,John Brooks,18,6,17.6,0,0,BrightonandHoveAlbion,
Premier League,Matchweek 19,Thu,Home,W,4,2,Tottenham,3.2,2.3,45,Jarred Gillett,13,7,15.2,2,2,BrightonandHoveAlbion,
Premier League,Matchweek 20,Tue,Away,D,0,0,West Ham,2.3,0.7,68,Samuel Barrott,22,8,14.4,0,0,BrightonandHoveAlbion,
Premier League,Matchweek 21,Mon,Home,D,0,0,Wolves,1,1.1,72,Craig Pawson,11,3,14.2,0,0,BrightonandHoveAlbion,
Premier League,Matchweek 22,Tue,Away,L,0,4,Luton Town,0.9,3.1,59,Robert Jones,9,2,13.9,0,0,BrightonandHoveAlbion,
Premier League,Matchweek 23,Sat,Home,W,4,1,Crystal Palace,1.4,0.3,68,Simon Hooper,13,6,16.7,0,0,BrightonandHoveAlbion,
Premier League,Matchweek 24,Sat,Away,L,1,2,Tottenham,1.2,1.6,48,Samuel Barrott,5,2,17.8,1,1,BrightonandHoveAlbion,
Premier League,Matchweek 25,Sun,Away,W,5,0,Sheffield Utd,2.9,0.6,79,Stuart Attwell,24,9,15.1,0,0,BrightonandHoveAlbion,
Premier League,Matchweek 26,Sat,Home,D,1,1,Everton,1.4,0.3,64,Tony Harrington,23,7,16.3,0,0,BrightonandHoveAlbion,
Premier League,Matchweek 27,Sat,Away,L,0,3,Fulham,1.3,1.3,70,Simon Hooper,15,5,17.6,0,0,BrightonandHoveAlbion,
Premier League,Matchweek 28,Sun,Home,W,1,0,Nott'ham Forest,0.4,0.7,63,Michael Salisbury,10,3,17.5,0,0,BrightonandHoveAlbion,
Premier League,Matchweek 30,Sun,Away,L,1,2,Liverpool,0.5,2.8,45,David Coote,9,3,17.2,0,0,BrightonandHoveAlbion,
Premier League,Matchweek 31,Wed,Away,D,0,0,Brentford,1.1,0.6,66,Andy Madley,24,6,20.1,0,0,BrightonandHoveAlbion,
Premier League,Matchweek 32,Sat,Home,L,0,3,Arsenal,0.5,3.4,54,John Brooks,10,2,19.2,0,0,BrightonandHoveAlbion,
Premier League,Matchweek 33,Sat,Away,D,1,1,Burnley,0.9,1.7,55,Simon Hooper,20,8,18.4,0,0,BrightonandHoveAlbion,
Premier League,Matchweek 29,Thu,Home,L,0,4,Manchester City,0.6,1.4,35,Jarred Gillett,7,3,16,0,0,BrightonandHoveAlbion,
Premier League,Matchweek 35,Sun,Away,L,0,3,Bournemouth,0.9,1.9,69,Paul Tierney,13,1,16.5,0,0,BrightonandHoveAlbion,
Premier League,Matchweek 36,Sun,Home,W,1,0,Aston Villa,2.5,0.1,52,Robert Jones,14,7,16.3,0,1,BrightonandHoveAlbion,
Premier League,Matchweek 37,Sat,Away,D,1,1,Newcastle Utd,1.4,2.2,44,Darren England,15,4,16.3,0,0,BrightonandHoveAlbion,
Premier League,Matchweek 1,Sat,Home,D,1,1,West Ham,1.3,1.1,62,Peter Bankes,14,5,20.7,0,0,Bournemouth,
Premier League,Matchweek 2,Sat,Away,L,1,3,Liverpool,1.3,3,36,Thomas Bramall,13,5,19.7,0,0,Bournemouth,
Premier League,Matchweek 3,Sat,Home,L,0,2,Tottenham,0.7,2.1,44,Tim Robinson,11,3,17.8,0,0,Bournemouth,
Premier League,Matchweek 4,Sat,Away,D,2,2,Brentford,2.1,2.9,40,Robert Madley,12,5,15.1,0,0,Bournemouth,
Premier League,Matchweek 5,Sun,Home,D,0,0,Chelsea,1,1.8,36,David Coote,13,4,16.7,0,0,Bournemouth,
Premier League,Matchweek 6,Sun,Away,L,1,3,Brighton,1.1,1.9,39,John Brooks,12,3,17.6,0,0,Bournemouth,
Premier League,Matchweek 7,Sat,Home,L,0,4,Arsenal,0.6,3.4,43,Michael Salisbury,8,1,14.1,0,0,Bournemouth,
Premier League,Matchweek 8,Sat,Away,L,0,3,Everton,0.7,2.4,52,David Coote,11,3,16.2,0,0,Bournemouth,
Premier League,Matchweek 9,Sat,Home,L,1,2,Wolves,0.6,2.4,35,Paul Tierney,7,4,17.1,0,0,Bournemouth,
Premier League,Matchweek 10,Sat,Home,W,2,1,Burnley,1.1,0.8,45,Samuel Barrott,13,6,19.5,0,0,Bournemouth,
Premier League,Matchweek 11,Sat,Away,L,1,6,Manchester City,0.9,1.9,35,Craig Pawson,5,1,11.4,0,0,Bournemouth,
Premier League,Matchweek 12,Sat,Home,W,2,0,Newcastle Utd,2.4,0.5,48,Chris Kavanagh,19,10,14.9,0,0,Bournemouth,
Premier League,Matchweek 13,Sat,Away,W,3,1,Sheffield Utd,2.9,0.8,54,Andy Madley,23,11,15.7,0,0,Bournemouth,
Premier League,Matchweek 14,Sun,Home,D,2,2,Aston Villa,2,0.7,38,Thomas Bramall,15,7,13.6,0,0,Bournemouth,
Premier League,Matchweek 15,Wed,Away,W,2,0,Crystal Palace,1.8,1,41,Craig Pawson,11,4,11.5,0,0,Bournemouth,
Premier League,Matchweek 16,Sat,Away,W,3,0,Manchester Utd,1.5,1.1,32,Peter Bankes,10,4,12.7,0,0,Bournemouth,
Premier League,Matchweek 18,Sat,Away,W,3,2,Nott'ham Forest,1.6,1,66,Robert Jones,18,6,15.9,0,0,Bournemouth,
Premier League,Matchweek 19,Tue,Home,W,3,0,Fulham,1.8,0.3,43,Tim Robinson,15,3,18.5,1,1,Bournemouth,
Premier League,Matchweek 20,Sun,Away,L,1,3,Tottenham,1.7,2.3,50,Simon Hooper,24,4,17.2,0,0,Bournemouth,
Premier League,Matchweek 21,Sun,Home,L,0,4,Liverpool,1.4,1.5,40,Andy Madley,11,1,19.8,0,0,Bournemouth,
Premier League,Matchweek 22,Thu,Away,D,1,1,West Ham,1.2,1.4,52,Tim Robinson,9,4,17.2,0,0,Bournemouth,
Premier League,Matchweek 23,Sun,Home,D,1,1,Nott'ham Forest,1.3,0.5,45,Rebecca Welch,9,1,16.7,0,0,Bournemouth,
Premier League,Matchweek 24,Sat,Away,L,1,3,Fulham,1.8,1.6,51,Darren England,25,4,16.7,0,0,Bournemouth,
Premier League,Matchweek 25,Sat,Away,D,2,2,Newcastle Utd,2.2,2.2,38,Michael Salisbury,12,6,20.3,0,0,Bournemouth,
Premier League,Matchweek 26,Sat,Home,L,0,1,Manchester City,0.9,1.6,38,Jarred Gillett,13,4,17.1,0,0,Bournemouth,
Premier League,Matchweek 27,Sun,Away,W,2,0,Burnley,1.1,1.5,26,David Coote,10,3,15.1,0,0,Bournemouth,
Premier League,Matchweek 28,Sat,Home,D,2,2,Sheffield Utd,3.3,1.2,69,Anthony Taylor,31,11,16.9,0,1,Bournemouth,
Premier League,Matchweek 17,Wed,Home,W,4,3,Luton Town,2.3,2,59,Samuel Allison,24,9,15.5,0,0,Bournemouth,
Premier League,Matchweek 30,Sat,Home,W,2,1,Everton,1.3,1,48,Samuel Barrott,11,4,15.6,0,0,Bournemouth,
Premier League,Matchweek 31,Tue,Home,W,1,0,Crystal Palace,1.1,0.2,50,Graham Scott,11,6,18.7,0,0,Bournemouth,
Premier League,Matchweek 32,Sat,Away,L,1,2,Luton Town,0.4,1.5,45,Andy Madley,8,1,19.1,0,0,Bournemouth,
Premier League,Matchweek 33,Sat,Home,D,2,2,Manchester Utd,1.6,1.2,43,Tony Harrington,20,5,16.8,0,0,Bournemouth,
Premier League,Matchweek 34,Sun,Away,L,1,3,Aston Villa,1.8,2.4,44,Tim Robinson,13,4,16.4,1,1,Bournemouth,
Premier League,Matchweek 29,Wed,Away,W,1,0,Wolves,1.9,0.5,37,Stuart Attwell,21,6,16.7,0,0,Bournemouth,
Premier League,Matchweek 35,Sun,Home,W,3,0,Brighton,1.9,0.9,31,Paul Tierney,15,6,14.4,0,0,Bournemouth,
Premier League,Matchweek 36,Sat,Away,L,0,3,Arsenal,0.5,3.3,45,David Coote,7,2,20.4,0,0,Bournemouth,
Premier League,Matchweek 37,Sat,Home,L,1,2,Brentford,0.7,1.4,49,Matt Donohue,13,4,17,0,0,Bournemouth,
Premier League,Matchweek 1,Sat,Away,W,1,0,Sheffield Utd,1.9,0.5,68,John Brooks,24,8,18.5,0,0,CrystalPalace,
Premier League,Matchweek 2,Mon,Home,L,0,1,Arsenal,1,2,47,David Coote,14,2,16.4,0,0,CrystalPalace,
Premier League,Matchweek 3,Sat,Away,D,1,1,Brentford,0.8,1,40,Peter Bankes,15,5,16.9,0,0,CrystalPalace,
Premier League,Matchweek 4,Sun,Home,W,3,2,Wolves,2.1,1.2,43,Robert Jones,16,10,13.8,0,0,CrystalPalace,
Premier League,Matchweek 5,Sat,Away,L,1,3,Aston Villa,1.2,3,34,Darren England,6,3,16.1,0,0,CrystalPalace,
Premier League,Matchweek 6,Sat,Home,D,0,0,Fulham,0.3,0.6,51,Paul Tierney,7,3,18.9,0,0,CrystalPalace,
Premier League,Matchweek 7,Sat,Away,W,1,0,Manchester Utd,0.9,1.3,23,Chris Kavanagh,8,2,13.5,0,0,CrystalPalace,
Premier League,Matchweek 8,Sat,Home,D,0,0,Nott'ham Forest,0.8,1,52,Craig Pawson,8,2,15.2,0,0,CrystalPalace,
Premier League,Matchweek 9,Sat,Away,L,0,4,Newcastle Utd,1.2,2.4,41,Tim Robinson,17,3,17.8,0,0,CrystalPalace,
Premier League,Matchweek 10,Fri,Home,L,1,2,Tottenham,0.6,1.1,25,Andy Madley,13,3,17.2,0,0,CrystalPalace,
Premier League,Matchweek 11,Sat,Away,W,2,0,Burnley,1.3,1.1,33,Peter Bankes,4,3,13.9,0,0,CrystalPalace,
Premier League,Matchweek 12,Sat,Home,L,2,3,Everton,2.2,1.5,67,Samuel Barrott,12,3,17.9,1,1,CrystalPalace,
Premier League,Matchweek 13,Sat,Away,L,1,2,Luton Town,1.6,0.9,61,Jarred Gillett,16,8,16.3,0,0,CrystalPalace,
Premier League,Matchweek 14,Sun,Away,D,1,1,West Ham,0.9,1.1,45,Michael Oliver,9,2,17.4,0,0,CrystalPalace,
Premier League,Matchweek 15,Wed,Home,L,0,2,Bournemouth,1,1.8,59,Craig Pawson,16,3,18.9,0,0,CrystalPalace,
Premier League,Matchweek 16,Sat,Home,L,1,2,Liverpool,1.7,1.2,24,Andy Madley,7,3,17.4,1,1,CrystalPalace,
Premier League,Matchweek 17,Sat,Away,D,2,2,Manchester City,1.8,1.6,26,Paul Tierney,4,1,21.1,1,1,CrystalPalace,
Premier League,Matchweek 18,Thu,Home,D,1,1,Brighton,1.3,1.2,35,John Brooks,11,3,13.4,0,0,CrystalPalace,
Premier League,Matchweek 19,Wed,Away,L,1,2,Chelsea,1.1,2.6,37,Michael Salisbury,13,5,19.6,0,0,CrystalPalace,
Premier League,Matchweek 20,Sat,Home,W,3,1,Brentford,1,1.4,46,Robert Jones,13,6,16.2,0,0,CrystalPalace,
Premier League,Matchweek 21,Sat,Away,L,0,5,Arsenal,0.3,3.3,40,Paul Tierney,12,5,24.4,0,0,CrystalPalace,
Premier League,Matchweek 22,Tue,Home,W,3,2,Sheffield Utd,1.1,0.8,53,Tony Harrington,12,4,17.1,0,0,CrystalPalace,
Premier League,Matchweek 23,Sat,Away,L,1,4,Brighton,0.3,1.4,32,Simon Hooper,7,5,20.6,0,0,CrystalPalace,
Premier League,Matchweek 24,Mon,Home,L,1,3,Chelsea,0.6,1.4,23,Michael Oliver,13,4,18.7,0,0,CrystalPalace,
Premier League,Matchweek 25,Mon,Away,D,1,1,Everton,0.7,1.7,39,Paul Tierney,10,3,13,0,0,CrystalPalace,
Premier League,Matchweek 26,Sat,Home,W,3,0,Burnley,2.4,0.1,56,Lewis Smith,14,5,15.3,1,1,CrystalPalace,
Premier League,Matchweek 27,Sat,Away,L,1,3,Tottenham,0.3,1.9,22,John Brooks,4,1,18.6,0,0,CrystalPalace,
Premier League,Matchweek 28,Sat,Home,D,1,1,Luton Town,2.7,0.8,49,Sunny Singh,21,4,16.5,0,0,CrystalPalace,
Premier League,Matchweek 30,Sat,Away,D,1,1,Nott'ham Forest,1.2,0.9,41,Chris Kavanagh,10,3,18.4,0,0,CrystalPalace,
Premier League,Matchweek 31,Tue,Away,L,0,1,Bournemouth,0.2,1.1,50,Graham Scott,3,2,15,0,0,CrystalPalace,
Premier League,Matchweek 32,Sat,Home,L,2,4,Manchester City,1.1,1.9,25,Paul Tierney,7,4,16.8,0,0,CrystalPalace,
Premier League,Matchweek 33,Sun,Away,W,1,0,Liverpool,2,2.7,31,Chris Kavanagh,8,4,14.1,0,0,CrystalPalace,
Premier League,Matchweek 34,Sun,Home,W,5,2,West Ham,2.4,1.3,60,Graham Scott,18,7,16.6,0,0,CrystalPalace,
Premier League,Matchweek 29,Wed,Home,W,2,0,Newcastle Utd,0.9,0.4,47,Thomas Bramall,20,7,21.2,0,0,CrystalPalace,
Premier League,Matchweek 35,Sat,Away,D,1,1,Fulham,1,1.1,47,Stuart Attwell,14,4,19.7,0,0,CrystalPalace,
Premier League,Matchweek 36,Mon,Home,W,4,0,Manchester Utd,1.7,0.4,43,Jarred Gillett,18,10,16.8,0,0,CrystalPalace,
Premier League,Matchweek 37,Sat,Away,W,3,1,Wolves,2.6,1.6,38,Thomas Bramall,13,3,13.6,0,0,CrystalPalace,
Premier League,Matchweek 1,Mon,Away,L,0,1,Manchester Utd,2.2,2.2,49,Simon Hooper,23,6,15.3,0,0,WolverhamptonWanderers,
Premier League,Matchweek 2,Sat,Home,L,1,4,Brighton,2.1,2.2,47,Andy Madley,16,5,16.1,0,0,WolverhamptonWanderers,
Premier League,Matchweek 3,Sat,Away,W,1,0,Everton,1.1,1.3,53,Craig Pawson,11,2,17.8,0,0,WolverhamptonWanderers,
Premier League,Matchweek 4,Sun,Away,L,2,3,Crystal Palace,1.2,2.1,57,Robert Jones,12,4,16.2,0,0,WolverhamptonWanderers,
Premier League,Matchweek 5,Sat,Home,L,1,3,Liverpool,0.6,2.5,35,Michael Oliver,11,2,18.7,0,0,WolverhamptonWanderers,
Premier League,Matchweek 6,Sat,Away,D,1,1,Luton Town,0.6,2.1,43,Joshua Smith,3,3,7,0,0,WolverhamptonWanderers,
Premier League,Matchweek 7,Sat,Home,W,2,1,Manchester City,0.4,0.9,32,Craig Pawson,3,1,11.4,0,0,WolverhamptonWanderers,
Premier League,Matchweek 8,Sun,Home,D,1,1,Aston Villa,1.7,1.6,47,Robert Jones,8,3,16,0,0,WolverhamptonWanderers,
Premier League,Matchweek 9,Sat,Away,W,2,1,Bournemouth,2.4,0.6,65,Paul Tierney,21,7,16.2,0,0,WolverhamptonWanderers,
Premier League,Matchweek 10,Sat,Home,D,2,2,Newcastle Utd,0.9,2.2,43,Anthony Taylor,11,6,17.2,0,0,WolverhamptonWanderers,
Premier League,Matchweek 11,Sat,Away,L,1,2,Sheffield Utd,1.2,1,61,Robert Jones,10,3,17.5,0,0,WolverhamptonWanderers,
Premier League,Matchweek 12,Sat,Home,W,2,1,Tottenham,2.1,0.7,42,Tim Robinson,17,4,18.5,0,0,WolverhamptonWanderers,
Premier League,Matchweek 13,Mon,Away,L,2,3,Fulham,1.4,2.9,40,Michael Salisbury,9,5,16.6,1,1,WolverhamptonWanderers,
Premier League,Matchweek 14,Sat,Away,L,1,2,Arsenal,0.7,2.8,43,Peter Bankes,6,3,10.8,0,0,WolverhamptonWanderers,
Premier League,Matchweek 15,Tue,Home,W,1,0,Burnley,0.8,0.9,51,Jarred Gillett,7,4,15.8,0,0,WolverhamptonWanderers,
Premier League,Matchweek 16,Sat,Home,D,1,1,Nott'ham Forest,1.2,1.3,68,Samuel Barrott,10,4,15.2,0,0,WolverhamptonWanderers,
Premier League,Matchweek 17,Sun,Away,L,0,3,West Ham,0.7,1.1,55,Chris Kavanagh,14,3,20.5,0,0,WolverhamptonWanderers,
Premier League,Matchweek 18,Sun,Home,W,2,1,Chelsea,1.3,2,32,David Coote,14,6,16.7,0,0,WolverhamptonWanderers,
Premier League,Matchweek 19,Wed,Away,W,4,1,Brentford,2.4,2.2,40,Andy Madley,11,5,17.8,0,0,WolverhamptonWanderers,
Premier League,Matchweek 20,Sat,Home,W,3,0,Everton,1.9,0.4,53,Thomas Bramall,12,6,13.4,0,0,WolverhamptonWanderers,
Premier League,Matchweek 21,Mon,Away,D,0,0,Brighton,1.1,1,28,Craig Pawson,8,3,18.6,0,0,WolverhamptonWanderers,
Premier League,Matchweek 22,Thu,Home,L,3,4,Manchester Utd,2.1,3.3,53,Jarred Gillett,15,5,16.6,1,1,WolverhamptonWanderers,
Premier League,Matchweek 23,Sun,Away,W,4,2,Chelsea,2,1.7,36,Tim Robinson,13,6,16.6,1,1,WolverhamptonWanderers,
Premier League,Matchweek 24,Sat,Home,L,0,2,Brentford,1,1.9,71,Simon Hooper,17,5,17.2,0,0,WolverhamptonWanderers,
Premier League,Matchweek 25,Sat,Away,W,2,1,Tottenham,1.8,1.6,29,Anthony Taylor,12,7,15.9,0,0,WolverhamptonWanderers,
Premier League,Matchweek 26,Sun,Home,W,1,0,Sheffield Utd,1.3,0.6,63,Darren Bond,13,2,14.6,0,0,WolverhamptonWanderers,
Premier League,Matchweek 27,Sat,Away,L,0,3,Newcastle Utd,0.8,2.1,56,Tim Robinson,12,3,15.9,0,0,WolverhamptonWanderers,
Premier League,Matchweek 28,Sat,Home,W,2,1,Fulham,0.8,2.6,48,Tony Harrington,8,3,16.3,0,0,WolverhamptonWanderers,
Premier League,Matchweek 30,Sat,Away,L,0,2,Aston Villa,1.5,1,52,Paul Tierney,13,3,14.6,0,0,WolverhamptonWanderers,
Premier League,Matchweek 31,Tue,Away,D,1,1,Burnley,0.9,1.3,49,Thomas Bramall,8,2,12.4,0,0,WolverhamptonWanderers,
Premier League,Matchweek 32,Sat,Home,L,1,2,West Ham,1.5,1.2,58,Tony Harrington,13,6,25.4,1,1,WolverhamptonWanderers,
Premier League,Matchweek 33,Sat,Away,D,2,2,Nott'ham Forest,1,1.9,54,Craig Pawson,11,3,16.1,0,0,WolverhamptonWanderers,
Premier League,Matchweek 34,Sat,Home,L,0,2,Arsenal,0.2,1.2,46,Paul Tierney,5,3,20.1,0,0,WolverhamptonWanderers,
Premier League,Matchweek 29,Wed,Home,L,0,1,Bournemouth,0.5,1.9,63,Stuart Attwell,15,4,20.1,0,0,WolverhamptonWanderers,
Premier League,Matchweek 35,Sat,Home,W,2,1,Luton Town,1.2,0.6,58,David Coote,13,5,18.8,0,0,WolverhamptonWanderers,
Premier League,Matchweek 36,Sat,Away,L,1,5,Manchester City,0.3,3.7,42,Craig Pawson,2,1,9,0,0,WolverhamptonWanderers,
Premier League,Matchweek 37,Sat,Home,L,1,3,Crystal Palace,1.6,2.6,62,Thomas Bramall,14,8,14.6,0,0,WolverhamptonWanderers,
Premier League,Matchweek 1,Sat,Away,W,1,0,Everton,1.5,2.7,58,Stuart Attwell,9,2,13.2,0,0,Fulham,
Premier League,Matchweek 2,Sat,Home,L,0,3,Brentford,0.5,3.7,55,Darren Bond,10,2,22.3,0,0,Fulham,
Premier League,Matchweek 3,Sat,Away,D,2,2,Arsenal,0.6,3.2,29,Paul Tierney,8,3,17.8,0,0,Fulham,
Premier League,Matchweek 4,Sat,Away,L,1,5,Manchester City,1.4,2.2,32,Michael Oliver,6,4,11.4,0,0,Fulham,
Premier League,Matchweek 5,Sat,Home,W,1,0,Luton Town,1,1.1,77,Michael Salisbury,13,2,19.5,0,0,Fulham,
Premier League,Matchweek 6,Sat,Away,D,0,0,Crystal Palace,0.6,0.3,49,Paul Tierney,10,5,18.7,0,0,Fulham,
Premier League,Matchweek 7,Mon,Home,L,0,2,Chelsea,1.1,1.7,56,Tim Robinson,10,3,13.2,0,0,Fulham,
Premier League,Matchweek 8,Sat,Home,W,3,1,Sheffield Utd,2.2,0.6,60,Samuel Barrott,20,6,20.2,0,0,Fulham,
Premier League,Matchweek 9,Mon,Away,L,0,2,Tottenham,1,1.5,45,Anthony Taylor,10,3,17.6,0,0,Fulham,
Premier League,Matchweek 10,Sun,Away,D,1,1,Brighton,0.7,1.4,29,Michael Salisbury,10,5,19.3,0,0,Fulham,
Premier League,Matchweek 11,Sat,Home,L,0,1,Manchester Utd,1,0.7,45,John Brooks,18,2,18.6,0,0,Fulham,
Premier League,Matchweek 12,Sun,Away,L,1,3,Aston Villa,0.9,3,49,Simon Hooper,9,5,19.5,0,0,Fulham,
Premier League,Matchweek 13,Mon,Home,W,3,2,Wolves,2.9,1.4,60,Michael Salisbury,10,4,22.9,2,2,Fulham,
Premier League,Matchweek 14,Sun,Away,L,3,4,Liverpool,1.2,2.1,39,Stuart Attwell,9,5,13.3,0,0,Fulham,
Premier League,Matchweek 15,Wed,Home,W,5,0,Nott'ham Forest,2.5,0.3,63,Joshua Smith,14,6,17.3,0,0,Fulham,
Premier League,Matchweek 16,Sun,Home,W,5,0,West Ham,2.3,1.3,63,Paul Tierney,14,8,17.7,0,0,Fulham,
Premier League,Matchweek 17,Sat,Away,L,0,3,Newcastle Utd,0.3,3.5,30,Samuel Barrott,6,4,23.1,0,0,Fulham,
Premier League,Matchweek 18,Sat,Home,L,0,2,Burnley,1.3,0.4,66,Rebecca Welch,19,5,16.3,0,0,Fulham,
Premier League,Matchweek 19,Tue,Away,L,0,3,Bournemouth,0.3,1.8,57,Tim Robinson,8,3,21.6,0,0,Fulham,
Premier League,Matchweek 20,Sun,Home,W,2,1,Arsenal,1.2,1.6,40,Joshua Smith,15,4,18.2,0,0,Fulham,
Premier League,Matchweek 21,Sat,Away,L,0,1,Chelsea,0.8,2.2,45,Anthony Taylor,14,4,22,0,0,Fulham,
Premier League,Matchweek 22,Tue,Home,D,0,0,Everton,1.6,1.9,70,Thomas Bramall,25,5,17.3,0,0,Fulham,
Premier League,Matchweek 23,Sat,Away,D,2,2,Burnley,1.5,1.8,56,Darren Bond,15,7,13.2,0,0,Fulham,
Premier League,Matchweek 24,Sat,Home,W,3,1,Bournemouth,1.6,1.8,49,Darren England,7,6,11.4,0,0,Fulham,
Premier League,Matchweek 25,Sat,Home,L,1,2,Aston Villa,1.5,1.5,52,Lewis Smith,15,4,14.7,0,0,Fulham,
Premier League,Matchweek 26,Sat,Away,W,2,1,Manchester Utd,1.2,1.7,43,Michael Oliver,17,5,17.1,0,0,Fulham,
Premier League,Matchweek 27,Sat,Home,W,3,0,Brighton,1.3,1.3,30,Simon Hooper,12,5,14.6,0,0,Fulham,
Premier League,Matchweek 28,Sat,Away,L,1,2,Wolves,2.6,0.8,52,Tony Harrington,23,6,14.1,0,0,Fulham,
Premier League,Matchweek 29,Sat,Home,W,3,0,Tottenham,2.6,2.4,43,Robert Jones,16,7,12.7,0,0,Fulham,
Premier League,Matchweek 30,Sat,Away,D,3,3,Sheffield Utd,1.3,1.9,73,Tim Robinson,24,9,17.6,0,0,Fulham,
Premier League,Matchweek 31,Tue,Away,L,1,3,Nott'ham Forest,1.5,1.5,66,Michael Oliver,18,3,12.3,0,0,Fulham,
Premier League,Matchweek 32,Sat,Home,L,0,1,Newcastle Utd,1.2,1,66,Samuel Allison,14,4,17.6,0,0,Fulham,
Premier League,Matchweek 33,Sun,Away,W,2,0,West Ham,3.2,0.9,42,Stuart Attwell,18,10,15.1,0,0,Fulham,
Premier League,Matchweek 34,Sun,Home,L,1,3,Liverpool,0.8,1,40,Craig Pawson,12,5,17.1,0,0,Fulham,
Premier League,Matchweek 35,Sat,Home,D,1,1,Crystal Palace,1.1,1,53,Stuart Attwell,9,2,14.9,0,0,Fulham,
Premier League,Matchweek 36,Sat,Away,D,0,0,Brentford,1.3,0.6,46,Graham Scott,15,3,17.4,0,0,Fulham,
Premier League,Matchweek 37,Sat,Home,L,0,4,Manchester City,0.1,3.2,36,Anthony Taylor,1,1,9.6,0,0,Fulham,
Premier League,Matchweek 1,Sat,Home,L,0,1,Fulham,2.7,1.5,42,Stuart Attwell,19,9,15.8,0,0,Everton,
Premier League,Matchweek 2,Sun,Away,L,0,4,Aston Villa,0.6,2.9,40,Anthony Taylor,9,2,14.7,0,0,Everton,
Premier League,Matchweek 3,Sat,Home,L,0,1,Wolves,1.3,1.1,47,Craig Pawson,15,7,13.8,0,0,Everton,
Premier League,Matchweek 4,Sat,Away,D,2,2,Sheffield Utd,2.5,1.2,54,Andy Madley,16,6,14.8,0,0,Everton,
Premier League,Matchweek 5,Sun,Home,L,0,1,Arsenal,0.3,1,26,Simon Hooper,8,1,21.6,0,0,Everton,
Premier League,Matchweek 6,Sat,Away,W,3,1,Brentford,1.9,1,43,Michael Oliver,18,6,17.8,0,0,Everton,
Premier League,Matchweek 7,Sat,Home,L,1,2,Luton Town,2.9,0.9,67,Anthony Taylor,23,4,14.4,0,0,Everton,
Premier League,Matchweek 8,Sat,Home,W,3,0,Bournemouth,2.4,0.7,48,David Coote,25,8,15.8,0,0,Everton,
Premier League,Matchweek 9,Sat,Away,L,0,2,Liverpool,0.1,2.2,23,Craig Pawson,6,1,35.2,0,0,Everton,
Premier League,Matchweek 10,Sun,Away,W,1,0,West Ham,0.8,0.7,36,Stuart Attwell,10,4,17.4,0,0,Everton,
Premier League,Matchweek 11,Sat,Home,D,1,1,Brighton,0.7,0.5,21,Tim Robinson,10,4,14.4,0,0,Everton,
Premier League,Matchweek 12,Sat,Away,W,3,2,Crystal Palace,1.5,2.2,33,Samuel Barrott,8,4,14.5,0,0,Everton,
Premier League,Matchweek 13,Sun,Home,L,0,3,Manchester Utd,2.4,2.2,51,John Brooks,24,6,16.9,0,0,Everton,
Premier League,Matchweek 14,Sat,Away,W,1,0,Nott'ham Forest,0.7,0.7,39,Paul Tierney,12,2,20.8,0,0,Everton,
Premier League,Matchweek 15,Thu,Home,W,3,0,Newcastle Utd,3.3,1.5,38,Tim Robinson,21,6,13.3,0,0,Everton,
Premier League,Matchweek 16,Sun,Home,W,2,0,Chelsea,1.2,0.9,29,Michael Oliver,9,5,16.4,0,0,Everton,
Premier League,Matchweek 17,Sat,Away,W,2,0,Burnley,1.4,0.7,39,Anthony Taylor,9,6,11.8,0,0,Everton,
Premier League,Matchweek 18,Sat,Away,L,1,2,Tottenham,1.8,1.5,39,Stuart Attwell,18,8,15.8,0,0,Everton,
Premier League,Matchweek 19,Wed,Home,L,1,3,Manchester City,1,2.4,28,John Brooks,7,2,12.5,0,0,Everton,
Premier League,Matchweek 20,Sat,Away,L,0,3,Wolves,0.4,1.9,47,Thomas Bramall,10,0,20.7,0,0,Everton,
Premier League,Matchweek 21,Sun,Home,D,0,0,Aston Villa,1.1,1.2,32,David Coote,10,2,17.2,0,0,Everton,
Premier League,Matchweek 22,Tue,Away,D,0,0,Fulham,1.9,1.6,30,Thomas Bramall,21,2,14.4,0,0,Everton,
Premier League,Matchweek 23,Sat,Home,D,2,2,Tottenham,2.6,1,43,Michael Oliver,14,4,14.3,0,0,Everton,
Premier League,Matchweek 24,Sat,Away,L,0,2,Manchester City,0.3,1.6,28,John Brooks,5,1,22.9,0,0,Everton,
Premier League,Matchweek 25,Mon,Home,D,1,1,Crystal Palace,1.7,0.7,61,Paul Tierney,19,4,16.4,0,0,Everton,
Premier League,Matchweek 26,Sat,Away,D,1,1,Brighton,0.3,1.4,36,Tony Harrington,6,2,16,0,0,Everton,
Premier League,Matchweek 27,Sat,Home,L,1,3,West Ham,2.7,1.9,55,Craig Pawson,21,9,21.8,0,1,Everton,
Premier League,Matchweek 28,Sat,Away,L,0,2,Manchester Utd,1.6,2.7,49,Simon Hooper,23,6,16.9,0,0,Everton,
Premier League,Matchweek 30,Sat,Away,L,1,2,Bournemouth,1,1.3,52,Samuel Barrott,7,3,16,0,0,Everton,
Premier League,Matchweek 31,Tue,Away,D,1,1,Newcastle Utd,1.4,2.4,43,Tony Harrington,9,2,17.4,1,1,Everton,
Premier League,Matchweek 32,Sat,Home,W,1,0,Burnley,0.9,0.5,38,Michael Oliver,12,3,20,0,0,Everton,
Premier League,Matchweek 33,Mon,Away,L,0,6,Chelsea,1.5,3.1,42,Paul Tierney,10,2,13.7,0,0,Everton,
Premier League,Matchweek 34,Sun,Home,W,2,0,Nott'ham Forest,0.3,0.9,41,Anthony Taylor,7,4,18.7,0,0,Everton,
Premier League,Matchweek 29,Wed,Home,W,2,0,Liverpool,1.2,2.1,25,Andy Madley,16,6,14.9,0,0,Everton,
Premier League,Matchweek 35,Sat,Home,W,1,0,Brentford,0.8,0.9,48,Darren England,18,1,19.1,0,0,Everton,
Premier League,Matchweek 36,Fri,Away,D,1,1,Luton Town,1.4,0.8,49,Tim Robinson,9,2,18.7,1,1,Everton,
Premier League,Matchweek 37,Sat,Home,W,1,0,Sheffield Utd,2.1,0.6,57,Stuart Attwell,15,6,17.1,0,0,Everton,
Premier League,Matchweek 1,Sun,Home,D,2,2,Tottenham,2.2,1.3,31,Robert Jones,10,5,18,1,1,Brentford,
Premier League,Matchweek 2,Sat,Away,W,3,0,Fulham,3.7,0.5,45,Darren Bond,16,7,13.8,1,1,Brentford,
Premier League,Matchweek 3,Sat,Home,D,1,1,Crystal Palace,1,0.8,60,Peter Bankes,12,1,13.7,0,0,Brentford,
Premier League,Matchweek 4,Sat,Home,D,2,2,Bournemouth,2.9,2.1,60,Robert Madley,21,7,14.7,0,0,Brentford,
Premier League,Matchweek 5,Sat,Away,L,0,1,Newcastle Utd,0.5,1.4,44,Craig Pawson,11,2,15.7,0,0,Brentford,
Premier League,Matchweek 6,Sat,Home,L,1,3,Everton,1,1.9,57,Michael Oliver,12,2,13.9,0,0,Brentford,
Premier League,Matchweek 7,Sun,Away,D,1,1,Nott'ham Forest,1.6,0.5,59,Paul Tierney,18,3,14.1,0,0,Brentford,
Premier League,Matchweek 8,Sat,Away,L,1,2,Manchester Utd,0.9,1.4,36,Andy Madley,11,3,17.3,0,0,Brentford,
Premier League,Matchweek 9,Sat,Home,W,3,0,Burnley,3.1,1.1,50,Joshua Smith,23,9,15,0,0,Brentford,
Premier League,Matchweek 10,Sat,Away,W,2,0,Chelsea,2.2,1.9,32,Simon Hooper,7,5,12.7,0,0,Brentford,
Premier League,Matchweek 11,Sat,Home,W,3,2,West Ham,1.5,1.8,58,Thomas Bramall,16,4,15.7,0,0,Brentford,
Premier League,Matchweek 12,Sun,Away,L,0,3,Liverpool,1.6,1.7,42,Paul Tierney,16,3,17,0,0,Brentford,
Premier League,Matchweek 13,Sat,Home,L,0,1,Arsenal,1.1,1.6,37,Tim Robinson,9,1,13.9,0,0,Brentford,
Premier League,Matchweek 14,Sat,Home,W,3,1,Luton Town,3.1,0.2,68,Anthony Taylor,27,6,15.4,0,0,Brentford,
Premier League,Matchweek 15,Wed,Away,L,1,2,Brighton,1.5,1.5,39,Peter Bankes,7,0,17.6,1,1,Brentford,
Premier League,Matchweek 16,Sat,Away,L,0,1,Sheffield Utd,0.6,0.8,59,Stuart Attwell,10,4,16.7,0,0,Brentford,
Premier League,Matchweek 17,Sun,Home,L,1,2,Aston Villa,0.5,1.4,34,David Coote,4,3,13.3,0,0,Brentford,
Premier League,Matchweek 19,Wed,Home,L,1,4,Wolves,2.2,2.4,60,Andy Madley,14,4,13.8,0,0,Brentford,
Premier League,Matchweek 20,Sat,Away,L,1,3,Crystal Palace,1.4,1,54,Robert Jones,9,4,16,0,0,Brentford,
Premier League,Matchweek 21,Sat,Home,W,3,2,Nott'ham Forest,1.2,1.2,48,Darren England,11,5,14.8,0,0,Brentford,
Premier League,Matchweek 22,Wed,Away,L,2,3,Tottenham,1.6,2.9,33,David Coote,9,5,12.9,0,0,Brentford,
Premier League,Matchweek 23,Mon,Home,L,1,3,Manchester City,1,2.1,28,Jarred Gillett,9,2,15.3,0,0,Brentford,
Premier League,Matchweek 24,Sat,Away,W,2,0,Wolves,1.9,1,29,Simon Hooper,9,6,14,0,0,Brentford,
Premier League,Matchweek 25,Sat,Home,L,1,4,Liverpool,1.6,2.8,38,Michael Oliver,15,6,19.8,0,0,Brentford,
Premier League,Matchweek 18,Tue,Away,L,0,1,Manchester City,0.4,2.3,30,Darren England,6,2,19.4,0,0,Brentford,
Premier League,Matchweek 26,Mon,Away,L,2,4,West Ham,0.9,1.7,59,Simon Hooper,14,7,16.7,0,0,Brentford,
Premier League,Matchweek 27,Sat,Home,D,2,2,Chelsea,1.8,1.8,33,Jarred Gillett,14,5,14.5,0,0,Brentford,
Premier League,Matchweek 28,Sat,Away,L,1,2,Arsenal,1,1.3,29,Robert Jones,9,4,17.1,0,0,Brentford,
Premier League,Matchweek 29,Sat,Away,L,1,2,Burnley,1.1,2.8,40,Darren Bond,9,5,14.7,0,0,Brentford,
Premier League,Matchweek 30,Sat,Home,D,1,1,Manchester Utd,3.2,0.6,47,Simon Hooper,31,5,15,0,0,Brentford,
Premier League,Matchweek 31,Wed,Home,D,0,0,Brighton,0.6,1.1,34,Andy Madley,5,2,17.1,0,0,Brentford,
Premier League,Matchweek 32,Sat,Away,D,3,3,Aston Villa,1.5,1.5,31,Michael Salisbury,8,3,16.5,0,0,Brentford,
Premier League,Matchweek 33,Sat,Home,W,2,0,Sheffield Utd,1,0.8,53,Samuel Barrott,9,5,18.7,0,0,Brentford,
Premier League,Matchweek 34,Sat,Away,W,5,1,Luton Town,3.1,0.6,47,Jarred Gillett,21,9,18,0,0,Brentford,
Premier League,Matchweek 35,Sat,Away,L,0,1,Everton,0.9,0.8,52,Darren England,10,4,16.6,0,0,Brentford,
Premier League,Matchweek 36,Sat,Home,D,0,0,Fulham,0.6,1.3,54,Graham Scott,7,2,12.9,0,0,Brentford,
Premier League,Matchweek 37,Sat,Away,W,2,1,Bournemouth,1.4,0.7,51,Matt Donohue,11,4,15.4,0,0,Brentford,
Premier League,Matchweek 1,Sat,Away,L,1,2,Arsenal,1.2,0.8,22,Michael Oliver,6,2,17.3,0,0,NottinghamForest,
Premier League,Matchweek 2,Fri,Home,W,2,1,Sheffield Utd,1.4,0.5,50,Peter Bankes,16,4,15.6,0,0,NottinghamForest,
Premier League,Matchweek 3,Sat,Away,L,2,3,Manchester Utd,1.2,2.8,34,Stuart Attwell,9,4,14.7,0,0,NottinghamForest,
Premier League,Matchweek 4,Sat,Away,W,1,0,Chelsea,0.8,2.3,25,Tim Robinson,7,3,19,0,0,NottinghamForest,
Premier League,Matchweek 5,Mon,Home,D,1,1,Burnley,0.7,0.5,46,Robert Jones,14,4,18.8,0,0,NottinghamForest,
Premier League,Matchweek 6,Sat,Away,L,0,2,Manchester City,1,1.3,43,Anthony Taylor,10,3,17.8,0,0,NottinghamForest,
Premier League,Matchweek 7,Sun,Home,D,1,1,Brentford,0.5,1.6,41,Paul Tierney,6,1,15.4,0,0,NottinghamForest,
Premier League,Matchweek 8,Sat,Away,D,0,0,Crystal Palace,1,0.8,48,Craig Pawson,16,5,18.4,0,0,NottinghamForest,
Premier League,Matchweek 9,Sat,Home,D,2,2,Luton Town,2.9,1.7,57,Samuel Barrott,19,8,11.1,0,0,NottinghamForest,
Premier League,Matchweek 10,Sun,Away,L,0,3,Liverpool,0.4,3.2,28,Chris Kavanagh,9,1,15.6,0,0,NottinghamForest,
Premier League,Matchweek 11,Sun,Home,W,2,0,Aston Villa,0.4,1.2,27,Jarred Gillett,5,3,21.1,0,0,NottinghamForest,
Premier League,Matchweek 12,Sun,Away,L,2,3,West Ham,1.7,1.8,46,Michael Salisbury,10,5,15.6,0,0,NottinghamForest,
Premier League,Matchweek 13,Sat,Home,L,2,3,Brighton,1.9,1.3,47,Anthony Taylor,17,4,14.7,1,1,NottinghamForest,
Premier League,Matchweek 14,Sat,Home,L,0,1,Everton,0.7,0.7,61,Paul Tierney,13,2,16.1,0,0,NottinghamForest,
Premier League,Matchweek 15,Wed,Away,L,0,5,Fulham,0.3,2.5,37,Joshua Smith,4,1,15.3,0,0,NottinghamForest,
Premier League,Matchweek 16,Sat,Away,D,1,1,Wolves,1.3,1.2,32,Samuel Barrott,8,2,12.7,0,0,NottinghamForest,
Premier League,Matchweek 17,Fri,Home,L,0,2,Tottenham,1.3,1.5,34,Jarred Gillett,15,1,16.1,0,0,NottinghamForest,
Premier League,Matchweek 18,Sat,Home,L,2,3,Bournemouth,1,1.6,34,Robert Jones,11,4,14.5,0,0,NottinghamForest,
Premier League,Matchweek 19,Tue,Away,W,3,1,Newcastle Utd,3.5,2.4,38,Chris Kavanagh,15,6,15.8,0,0,NottinghamForest,
Premier League,Matchweek 20,Sat,Home,W,2,1,Manchester Utd,0.7,0.8,44,Tim Robinson,8,2,18.3,0,0,NottinghamForest,
Premier League,Matchweek 21,Sat,Away,L,2,3,Brentford,1.2,1.2,52,Darren England,12,3,20.5,0,0,NottinghamForest,
Premier League,Matchweek 22,Tue,Home,L,1,2,Arsenal,0.5,1.2,27,Simon Hooper,9,3,18.7,0,0,NottinghamForest,
Premier League,Matchweek 23,Sun,Away,D,1,1,Bournemouth,0.5,1.3,55,Rebecca Welch,8,6,19.9,0,0,NottinghamForest,
Premier League,Matchweek 24,Sat,Home,L,2,3,Newcastle Utd,1.5,0.5,39,Anthony Taylor,13,3,21.8,0,0,NottinghamForest,
Premier League,Matchweek 25,Sat,Home,W,2,0,West Ham,2.8,0.5,49,Thomas Bramall,19,8,16.5,0,0,NottinghamForest,
Premier League,Matchweek 26,Sat,Away,L,2,4,Aston Villa,2.6,3.6,42,Samuel Barrott,10,3,16.4,0,0,NottinghamForest,
Premier League,Matchweek 27,Sat,Home,L,0,1,Liverpool,1,2,31,Paul Tierney,8,2,19.3,0,0,NottinghamForest,
Premier League,Matchweek 28,Sun,Away,L,0,1,Brighton,0.7,0.4,37,Michael Salisbury,9,4,19.3,0,0,NottinghamForest,
Premier League,Matchweek 29,Sat,Away,D,1,1,Luton Town,2,0.6,40,Darren England,16,3,22,0,0,NottinghamForest,
Premier League,Matchweek 30,Sat,Home,D,1,1,Crystal Palace,0.9,1.2,59,Chris Kavanagh,12,5,20.5,0,0,NottinghamForest,
Premier League,Matchweek 31,Tue,Home,W,3,1,Fulham,1.5,1.5,34,Michael Oliver,16,4,18.5,0,0,NottinghamForest,
Premier League,Matchweek 32,Sun,Away,L,1,3,Tottenham,1.5,1.5,37,Simon Hooper,13,6,22.9,0,0,NottinghamForest,
Premier League,Matchweek 33,Sat,Home,D,2,2,Wolves,1.9,1,46,Craig Pawson,18,9,17,0,0,NottinghamForest,
Premier League,Matchweek 34,Sun,Away,L,0,2,Everton,0.9,0.3,59,Anthony Taylor,8,3,13.7,0,0,NottinghamForest,
Premier League,Matchweek 35,Sun,Home,L,0,2,Manchester City,1.9,0.9,34,Simon Hooper,14,2,15,0,0,NottinghamForest,
Premier League,Matchweek 36,Sat,Away,W,3,1,Sheffield Utd,1.5,2.2,46,Chris Kavanagh,15,4,17.2,0,0,NottinghamForest,
Premier League,Matchweek 37,Sat,Home,L,2,3,Chelsea,1.6,1.8,33,Tony Harrington,20,4,17.2,0,0,NottinghamForest,
Premier League,Matchweek 1,Sat,Away,L,1,4,Brighton,1.5,4,30,David Coote,8,2,16.6,1,1,LutonTown,
Premier League,Matchweek 3,Fri,Away,L,0,3,Chelsea,0.4,2.2,33,Robert Jones,11,1,19,0,0,LutonTown,
Premier League,Matchweek 4,Fri,Home,L,1,2,West Ham,1.4,1,39,Paul Tierney,16,1,11.9,0,0,LutonTown,
Premier League,Matchweek 5,Sat,Away,L,0,1,Fulham,1.1,1,23,Michael Salisbury,7,2,10,0,0,LutonTown,
Premier League,Matchweek 6,Sat,Home,D,1,1,Wolves,2.1,0.6,57,Joshua Smith,19,3,17.3,1,1,LutonTown,
Premier League,Matchweek 7,Sat,Away,W,2,1,Everton,0.9,2.9,33,Anthony Taylor,9,2,13.4,0,0,LutonTown,
Premier League,Matchweek 2,Tue,Home,L,1,2,Burnley,1.3,1.1,49,Peter Bankes,18,2,13.1,0,0,LutonTown,
Premier League,Matchweek 8,Sat,Home,L,0,1,Tottenham,0.8,1.9,34,John Brooks,12,2,16.3,0,0,LutonTown,
Premier League,Matchweek 9,Sat,Away,D,2,2,Nott'ham Forest,1.7,2.9,43,Samuel Barrott,13,4,17.6,0,0,LutonTown,
Premier League,Matchweek 10,Sun,Away,L,1,3,Aston Villa,0.5,2.3,30,John Brooks,7,1,17.3,0,0,LutonTown,
Premier League,Matchweek 11,Sun,Home,D,1,1,Liverpool,0.8,2.6,27,Andy Madley,8,5,17.9,0,0,LutonTown,
Premier League,Matchweek 12,Sat,Away,L,0,1,Manchester Utd,0.4,2.2,36,Graham Scott,10,4,21.9,0,0,LutonTown,
Premier League,Matchweek 13,Sat,Home,W,2,1,Crystal Palace,0.9,1.6,39,Jarred Gillett,8,3,14.2,0,0,LutonTown,
Premier League,Matchweek 14,Sat,Away,L,1,3,Brentford,0.2,3.1,32,Anthony Taylor,7,1,23.8,0,0,LutonTown,
Premier League,Matchweek 15,Tue,Home,L,3,4,Arsenal,0.5,2.2,34,Samuel Barrott,6,4,18.8,0,0,LutonTown,
Premier League,Matchweek 16,Sun,Home,L,1,2,Manchester City,0.3,1.6,35,Tim Robinson,4,2,19.2,0,0,LutonTown,
Premier League,Matchweek 18,Sat,Home,W,1,0,Newcastle Utd,1.4,1.4,35,Darren England,16,5,19.4,0,0,LutonTown,
Premier League,Matchweek 19,Tue,Away,W,3,2,Sheffield Utd,0.6,2.4,49,Samuel Allison,12,4,17.9,0,0,LutonTown,
Premier League,Matchweek 20,Sat,Home,L,2,3,Chelsea,2.3,1.5,52,Paul Tierney,15,6,11.6,0,0,LutonTown,
Premier League,Matchweek 21,Fri,Away,D,1,1,Burnley,0.9,1.1,61,Tony Harrington,14,5,18.2,0,0,LutonTown,
Premier League,Matchweek 22,Tue,Home,W,4,0,Brighton,3.1,0.9,41,Robert Jones,18,8,13.8,0,0,LutonTown,
Premier League,Matchweek 23,Sat,Away,D,4,4,Newcastle Utd,2.4,2.3,45,Thomas Bramall,10,7,14,1,1,LutonTown,
Premier League,Matchweek 24,Sat,Home,L,1,3,Sheffield Utd,1.8,1.7,74,Chris Kavanagh,19,4,17.3,1,1,LutonTown,
Premier League,Matchweek 25,Sun,Home,L,1,2,Manchester Utd,1.8,2.9,58,David Coote,22,4,18.6,0,0,LutonTown,
Premier League,Matchweek 26,Wed,Away,L,1,4,Liverpool,0.9,3.3,40,Andy Madley,12,3,19,0,0,LutonTown,
Premier League,Matchweek 27,Sat,Home,L,2,3,Aston Villa,1.8,1.9,46,Michael Oliver,14,4,11.4,0,0,LutonTown,
Premier League,Matchweek 28,Sat,Away,D,1,1,Crystal Palace,0.8,2.7,51,Sunny Singh,8,2,11.9,0,0,LutonTown,
Premier League,Matchweek 17,Wed,Away,L,3,4,Bournemouth,2,2.3,41,Samuel Allison,8,4,8.4,0,0,LutonTown,
Premier League,Matchweek 29,Sat,Home,D,1,1,Nott'ham Forest,0.6,2,60,Darren England,10,4,18.5,0,0,LutonTown,
Premier League,Matchweek 30,Sat,Away,L,1,2,Tottenham,0.5,2.9,30,Jarred Gillett,7,3,17.7,0,0,LutonTown,
Premier League,Matchweek 31,Wed,Away,L,0,2,Arsenal,0.3,0.7,42,Craig Pawson,5,1,15.9,0,0,LutonTown,
Premier League,Matchweek 32,Sat,Home,W,2,1,Bournemouth,1.5,0.4,55,Andy Madley,19,9,18.2,0,0,LutonTown,
Premier League,Matchweek 33,Sat,Away,L,1,5,Manchester City,0.5,4.2,27,John Brooks,4,2,9.3,0,0,LutonTown,
Premier League,Matchweek 34,Sat,Home,L,1,5,Brentford,0.6,3.1,53,Jarred Gillett,6,3,17,0,0,LutonTown,
Premier League,Matchweek 35,Sat,Away,L,1,2,Wolves,0.6,1.2,42,David Coote,9,6,17.4,0,0,LutonTown,
Premier League,Matchweek 36,Fri,Home,D,1,1,Everton,0.8,1.4,51,Tim Robinson,18,5,18.4,0,0,LutonTown,
Premier League,Matchweek 37,Sat,Away,L,1,3,West Ham,0.4,3.3,42,Michael Oliver,4,1,12.2,0,0,LutonTown,
Premier League,Matchweek 1,Fri,Home,L,0,3,Manchester City,0.3,1.9,35,Craig Pawson,6,1,14.9,0,0,Burnley,
Premier League,Matchweek 3,Sun,Home,L,1,3,Aston Villa,0.7,2.5,57,Michael Salisbury,9,2,17.7,0,0,Burnley,
Premier League,Matchweek 4,Sat,Home,L,2,5,Tottenham,1.3,2.2,47,Darren England,16,4,17.9,0,0,Burnley,
Premier League,Matchweek 5,Mon,Away,D,1,1,Nott'ham Forest,0.5,0.7,54,Robert Jones,10,3,18.9,0,0,Burnley,
Premier League,Matchweek 6,Sat,Home,L,0,1,Manchester Utd,1.1,1,61,Tony Harrington,12,4,15.6,0,0,Burnley,
Premier League,Matchweek 7,Sat,Away,L,0,2,Newcastle Utd,0.6,3.1,47,Thomas Bramall,8,2,16.3,0,0,Burnley,
Premier League,Matchweek 2,Tue,Away,W,2,1,Luton Town,1.1,1.3,51,Peter Bankes,14,4,20.2,0,0,Burnley,
Premier League,Matchweek 8,Sat,Home,L,1,4,Chelsea,0.7,1.9,38,Stuart Attwell,10,3,18.2,0,0,Burnley,
Premier League,Matchweek 9,Sat,Away,L,0,3,Brentford,1.1,3.1,50,Joshua Smith,6,1,20.2,0,0,Burnley,
Premier League,Matchweek 10,Sat,Away,L,1,2,Bournemouth,0.8,1.1,55,Samuel Barrott,6,3,18,0,0,Burnley,
Premier League,Matchweek 11,Sat,Home,L,0,2,Crystal Palace,1.1,1.3,67,Peter Bankes,17,5,13.3,0,0,Burnley,
Premier League,Matchweek 12,Sat,Away,L,1,3,Arsenal,0.3,1.8,37,Michael Oliver,8,5,19.3,0,0,Burnley,
Premier League,Matchweek 13,Sat,Home,L,1,2,West Ham,1.3,0.9,50,Samuel Barrott,10,4,17.2,1,1,Burnley,
Premier League,Matchweek 14,Sat,Home,W,5,0,Sheffield Utd,1.8,0.4,63,Chris Kavanagh,19,7,15.9,0,0,Burnley,
Premier League,Matchweek 15,Tue,Away,L,0,1,Wolves,0.9,0.8,49,Jarred Gillett,12,3,21.9,0,0,Burnley,
Premier League,Matchweek 16,Sat,Away,D,1,1,Brighton,0.6,2.6,28,Simon Hooper,6,3,12.9,0,0,Burnley,
Premier League,Matchweek 17,Sat,Home,L,0,2,Everton,0.7,1.4,61,Anthony Taylor,14,2,18.8,0,0,Burnley,
Premier League,Matchweek 18,Sat,Away,W,2,0,Fulham,0.4,1.3,34,Rebecca Welch,7,2,19.5,0,0,Burnley,
Premier League,Matchweek 19,Tue,Home,L,0,2,Liverpool,0.8,1.8,32,Paul Tierney,9,0,16.7,0,0,Burnley,
Premier League,Matchweek 20,Sat,Away,L,2,3,Aston Villa,1.2,3.2,36,Stuart Attwell,9,5,15.4,0,0,Burnley,
Premier League,Matchweek 21,Fri,Home,D,1,1,Luton Town,1.1,0.9,39,Tony Harrington,13,7,18.8,0,0,Burnley,
Premier League,Matchweek 22,Wed,Away,L,1,3,Manchester City,1.4,1.7,26,Samuel Barrott,8,3,14.7,0,0,Burnley,
Premier League,Matchweek 23,Sat,Home,D,2,2,Fulham,1.8,1.5,44,Darren Bond,12,4,15.4,0,0,Burnley,
Premier League,Matchweek 24,Sat,Away,L,1,3,Liverpool,1.3,2.8,30,Tim Robinson,9,4,17.6,0,0,Burnley,
Premier League,Matchweek 25,Sat,Home,L,0,5,Arsenal,0.3,2.3,36,Jarred Gillett,8,0,18.6,0,0,Burnley,
Premier League,Matchweek 26,Sat,Away,L,0,3,Crystal Palace,0.1,2.4,44,Lewis Smith,2,0,12,0,0,Burnley,
Premier League,Matchweek 27,Sun,Home,L,0,2,Bournemouth,1.5,1.1,74,David Coote,20,5,18.9,0,0,Burnley,
Premier League,Matchweek 28,Sun,Away,D,2,2,West Ham,0.7,2.1,48,Darren England,11,4,24.8,0,0,Burnley,
Premier League,Matchweek 29,Sat,Home,W,2,1,Brentford,2.8,1.1,60,Darren Bond,16,5,19.2,1,1,Burnley,
Premier League,Matchweek 30,Sat,Away,D,2,2,Chelsea,1.6,4.2,31,Darren England,18,6,14.4,0,0,Burnley,
Premier League,Matchweek 31,Tue,Home,D,1,1,Wolves,1.3,0.9,51,Thomas Bramall,13,6,18.4,0,0,Burnley,
Premier League,Matchweek 32,Sat,Away,L,0,1,Everton,0.5,0.9,62,Michael Oliver,6,1,16.5,0,0,Burnley,
Premier League,Matchweek 33,Sat,Home,D,1,1,Brighton,1.7,0.9,45,Simon Hooper,11,3,17.1,0,0,Burnley,
Premier League,Matchweek 34,Sat,Away,W,4,1,Sheffield Utd,2.2,2.4,51,Andy Madley,16,9,16,0,0,Burnley,
Premier League,Matchweek 35,Sat,Away,D,1,1,Manchester Utd,2.1,2.7,52,John Brooks,15,6,19.3,1,1,Burnley,
Premier League,Matchweek 36,Sat,Home,L,1,4,Newcastle Utd,1,3.4,47,Anthony Taylor,17,5,18.2,0,0,Burnley,
Premier League,Matchweek 37,Sat,Away,L,1,2,Tottenham,0.7,2.5,37,Jarred Gillett,7,3,11.8,0,0,Burnley,
Premier League,Matchweek 1,Sat,Home,L,0,1,Crystal Palace,0.5,1.9,32,John Brooks,8,1,19.4,0,0,SheffieldUnited,
Premier League,Matchweek 2,Fri,Away,L,1,2,Nott'ham Forest,0.5,1.4,50,Peter Bankes,7,3,18.8,0,0,SheffieldUnited,
Premier League,Matchweek 3,Sun,Home,L,1,2,Manchester City,0.7,3.5,21,Jarred Gillett,6,1,16.1,0,0,SheffieldUnited,
Premier League,Matchweek 4,Sat,Home,D,2,2,Everton,1.2,2.5,46,Andy Madley,13,7,14.1,0,0,SheffieldUnited,
Premier League,Matchweek 5,Sat,Away,L,1,2,Tottenham,0.7,2.1,30,Peter Bankes,7,5,17.6,0,0,SheffieldUnited,
Premier League,Matchweek 6,Sun,Home,L,0,8,Newcastle Utd,0.9,3.9,42,Stuart Attwell,9,1,13.7,0,0,SheffieldUnited,
Premier League,Matchweek 7,Sat,Away,L,0,2,West Ham,1.1,2.1,48,Graham Scott,16,2,15.7,0,0,SheffieldUnited,
Premier League,Matchweek 8,Sat,Away,L,1,3,Fulham,0.6,2.2,40,Samuel Barrott,5,2,16.6,0,0,SheffieldUnited,
Premier League,Matchweek 9,Sat,Home,L,1,2,Manchester Utd,1.4,1.1,38,Michael Oliver,11,5,25.8,1,1,SheffieldUnited,
Premier League,Matchweek 10,Sat,Away,L,0,5,Arsenal,0,2.8,33,Tim Robinson,2,0,39.9,0,0,SheffieldUnited,
Premier League,Matchweek 11,Sat,Home,W,2,1,Wolves,1,1.2,39,Robert Jones,10,1,27.6,1,1,SheffieldUnited,
Premier League,Matchweek 12,Sun,Away,D,1,1,Brighton,1.1,1.5,39,John Brooks,9,1,19.3,0,0,SheffieldUnited,
Premier League,Matchweek 13,Sat,Home,L,1,3,Bournemouth,0.8,2.9,46,Andy Madley,10,2,14.9,0,0,SheffieldUnited,
Premier League,Matchweek 14,Sat,Away,L,0,5,Burnley,0.4,1.8,37,Chris Kavanagh,6,3,18.9,0,0,SheffieldUnited,
Premier League,Matchweek 15,Wed,Home,L,0,2,Liverpool,1,1.7,25,Simon Hooper,6,1,14.6,0,0,SheffieldUnited,
Premier League,Matchweek 16,Sat,Home,W,1,0,Brentford,0.8,0.6,41,Stuart Attwell,9,4,21.7,0,0,SheffieldUnited,
Premier League,Matchweek 17,Sat,Away,L,0,2,Chelsea,0.4,3.1,22,Andy Madley,6,1,19.7,0,0,SheffieldUnited,
Premier League,Matchweek 18,Fri,Away,D,1,1,Aston Villa,0.6,0.9,23,Anthony Taylor,5,2,19.7,0,0,SheffieldUnited,
Premier League,Matchweek 19,Tue,Home,L,2,3,Luton Town,2.4,0.6,51,Samuel Allison,21,4,16.3,0,0,SheffieldUnited,
Premier League,Matchweek 20,Sat,Away,L,0,2,Manchester City,0.3,2.2,20,David Coote,4,2,14.9,0,0,SheffieldUnited,
Premier League,Matchweek 21,Sun,Home,D,2,2,West Ham,2.5,2.3,57,Michael Salisbury,20,5,18.5,1,1,SheffieldUnited,
Premier League,Matchweek 22,Tue,Away,L,2,3,Crystal Palace,0.8,1.1,47,Tony Harrington,9,5,16.5,0,0,SheffieldUnited,
Premier League,Matchweek 23,Sat,Home,L,0,5,Aston Villa,1.4,2.2,37,Paul Tierney,10,4,10,0,0,SheffieldUnited,
Premier League,Matchweek 24,Sat,Away,W,3,1,Luton Town,1.7,1.8,26,Chris Kavanagh,6,2,22.4,1,1,SheffieldUnited,
Premier League,Matchweek 25,Sun,Home,L,0,5,Brighton,0.6,2.9,21,Stuart Attwell,6,1,18.7,0,0,SheffieldUnited,
Premier League,Matchweek 26,Sun,Away,L,0,1,Wolves,0.6,1.3,37,Darren Bond,12,4,16.3,0,0,SheffieldUnited,
Premier League,Matchweek 27,Mon,Home,L,0,6,Arsenal,0.2,2.3,20,Samuel Barrott,4,0,21.8,0,0,SheffieldUnited,
Premier League,Matchweek 28,Sat,Away,D,2,2,Bournemouth,1.2,3.3,31,Anthony Taylor,13,9,14.3,0,0,SheffieldUnited,
Premier League,Matchweek 30,Sat,Home,D,3,3,Fulham,1.9,1.3,27,Tim Robinson,8,4,15.7,0,0,SheffieldUnited,
Premier League,Matchweek 31,Thu,Away,L,1,3,Liverpool,0.6,1.8,18,Stuart Attwell,5,3,13.6,0,0,SheffieldUnited,
Premier League,Matchweek 32,Sun,Home,D,2,2,Chelsea,1.4,0.3,32,Robert Jones,11,5,15.2,0,0,SheffieldUnited,
Premier League,Matchweek 33,Sat,Away,L,0,2,Brentford,0.8,1,47,Samuel Barrott,8,2,15.1,0,0,SheffieldUnited,
Premier League,Matchweek 34,Sat,Home,L,1,4,Burnley,2.4,2.2,49,Andy Madley,18,11,14.9,0,0,SheffieldUnited,
Premier League,Matchweek 29,Wed,Away,L,2,4,Manchester Utd,0.8,2.9,29,Michael Salisbury,10,4,17.8,0,0,SheffieldUnited,
Premier League,Matchweek 35,Sat,Away,L,1,5,Newcastle Utd,1.5,3.1,40,Tony Harrington,15,4,13.5,0,0,SheffieldUnited,
Premier League,Matchweek 36,Sat,Home,L,1,3,Nott'ham Forest,2.2,1.5,54,Chris Kavanagh,16,4,18,1,1,SheffieldUnited,
Premier League,Matchweek 37,Sat,Away,L,0,1,Everton,0.6,2.1,43,Stuart Attwell,13,1,20.8,0,0,SheffieldUnited,
Premier League,Matchweek 37,Sun,Away,W,0,1,Manchester Utd,1.5,0.51,46,Paul Tierney,11,5,,0,0,Arsenal,
Premier League,Matchweek 38,Sun,Home,W,2,1,Everton,3,0.61,69,Michael Oliver,26,5,,0,0,Arsenal,
Premier League,Matchweek 37,Mon,Home,D,3,3,Liverpool,3.1,1.7,41,Simon Hooper,19,5,,0,0,AstonVilla,
Premier League,Matchweek 38,Sun,Away,L,0,5,Crystal Palace,1,2.5,46,Darren Bond,8,2,,0,0,AstonVilla,
Premier League,Matchweek 38,Sun,Away,L,1,2,Chelsea,2.2,1.1,39,Anthony Taylor,22,5,,0,0,Bournemouth,
Premier League,Matchweek 38,Sun,Home,L,2,4,Newcastle Utd,1.1,3.4,54,Simon Hooper,10,5,0,0,0,Brentford,
Premier League,Matchweek 34,Wed,Home,L,1,2,Chelsea,1.2,1.5,55,Michael Salisbury,12,2,0,0,0,BrightonandHoveAlbion,
Premier League,Matchweek 38,Sun,Home,L,1,2,Manchester Utd,1.8,1.2,55,Craig Pawson,17,3,0,0,0,BrightonandHoveAlbion,
Premier League,Matchweek 38,Sun,Home,L,1,2,Nott'ham Forest,1.2,1.7,73,Graham Scott,20,3,0,0,0,Burnley,
Premier League,Matchweek 34,Wed,Away,W,2,1,Brighton,1.5,1.2,45,Michael Salisbury,14,6,0,0,0,Chelsea,
Premier League,Matchweek 38,Sun,Home,W,2,1,Bournemouth,1.1,2.2,61,Anthony Taylor,16,6,0,0,0,Chelsea,
Premier League,Matchweek 38,Sun,Home,W,5,0,Aston Villa,2.5,1,54,Darren Bond,15,9,0,0,0,CrystalPalace,
Premier League,Matchweek 38,Sun,Away,L,1,2,Arsenal,0.6,3,31,Michael Oliver,5,2,0,0,0,Everton,
Premier League,Matchweek 38,Sun,Away,W,4,2,Luton Town,1,2.1,60,Matt Donohue,15,6,0,0,0,Fulham,
Premier League,Matchweek 37,Mon,Away,D,3,3,Aston Villa,1.7,3.1,59,Simon Hooper,14,7,0,0,0,Liverpool,
Premier League,Matchweek 38,Sun,Home,W,2,0,Wolves,4.7,0.5,67,Chris Kavanagh,36,14,0,0,0,Liverpool,
Premier League,Matchweek 38,sun,Home,L,2,4,Fulham,2.1,1,40,Matt Donohue,15,6,0,0,0,LutonTown,
Premier League,Matchweek 34,Tue,Away,W,2,0,Tottenham,2.4,1.6,47,Chris Kavanagh,8,5,0,1,1,ManchesterCity,
Premier League,Matchweek 38,Sun,Home,W,3,1,West Ham,2,0.3,71,John Brooks,28,12,0,0,0,ManchesterCity,
Premier League,Matchweek 34,Sun,Home,L,0,1,Arsenal,0.1,0.7,54,Paul Tierney,6,2,0,0,0,ManchesterUnited,
Premier League,Matchweek 37,Wed,Home,W,3,2,Newcastle Utd,1.4,2.1,44,Robert Jones,17,8,0,0,0,ManchesterUnited,
Premier League,Matchweek 38,Sun,Away,W,2,0,Brighton,1.2,1.8,45,Craig Pawson,11,4,0,0,0,ManchesterUnited,
Premier League,Matchweek 34,Wed,Away,L,2,3,Manchester Utd,2.1,1.4,56,Robert Jones,21,8,0,0,0,NewcastleUnited,
Premier League,Matchweek 38,Sun,Away,W,4,2,Brentford,3.4,1.1,46,Simon Hooper,12,7,0,0,0,NewcastleUnited,
Premier League,Matchweek 38,Sun,Away,W,2,1,Burnley,1.7,1.2,27,Graham Scott,12,4,0,0,0,NottinghamForest,
Premier League,Matchweek 38,Sun,Home,L,0,3,Tottenham,0.9,3.1,24,Andy Madley,6,1,0,0,0,SheffieldUnited,
Premier League,Matchweek 34,Tue,Home,W,0,2,Manchester City,1.6,2.4,53,Chris Kavanagh,10,5,0,0,0,TottenhamHotspur,
Premier League,Matchweek 38,Sun,Away,W,3,0,Sheffield Utd,3.1,0.9,76,Andy Madley,18,9,0,0,0,TottenhamHotspur,
Premier League,Matchweek 38,Sun,Away,L,1,3,Manchester City,0.3,2,29,John Brooks,3,2,0,0,0,WestHamUnited,
Premier League,Matchweek 38,Sun,Away,L,0,2,Liverpool,0.5,4.7,33,Chris Kavanagh,4,3,0,0,0,WolverhamptonWanderers,
